-- phpMyAdmin SQL Dump
-- version 4.9.5
-- https://www.phpmyadmin.net/
--
-- Host: localhost
-- Generation Time: Dec 13, 2020 at 11:22 PM
-- Server version: 5.7.31-cll-lve
-- PHP Version: 5.6.40

SET SQL_MODE = "NO_AUTO_VALUE_ON_ZERO";
SET AUTOCOMMIT = 0;
START TRANSACTION;
SET time_zone = "+00:00";


/*!40101 SET @OLD_CHARACTER_SET_CLIENT=@@CHARACTER_SET_CLIENT */;
/*!40101 SET @OLD_CHARACTER_SET_RESULTS=@@CHARACTER_SET_RESULTS */;
/*!40101 SET @OLD_COLLATION_CONNECTION=@@COLLATION_CONNECTION */;
/*!40101 SET NAMES utf8mb4 */;

--
-- Database: `univir_shop`
--

-- --------------------------------------------------------

--
-- Table structure for table `buy`
--

CREATE TABLE `buy` (
  `id` int(20) NOT NULL,
  `date` varchar(20) COLLATE utf8_persian_ci NOT NULL,
  `token` varchar(20) COLLATE utf8_persian_ci NOT NULL,
  `state` int(11) NOT NULL,
  `idPerson_fk` int(20) NOT NULL,
  `idCourse_fk` int(20) NOT NULL
) ENGINE=InnoDB DEFAULT CHARSET=utf8 COLLATE=utf8_persian_ci;

--
-- Dumping data for table `buy`
--

INSERT INTO `buy` (`id`, `date`, `token`, `state`, `idPerson_fk`, `idCourse_fk`) VALUES
(16, '1399 / 8 / 24', 'b5qZow', 1, 1, 3),
(17, '1399 / 8 / 24', 'b5qZow', 1, 1, 2),
(18, '1399 / 8 / 24', 'b5qZpg', 1, 9, 3),
(19, '1399 / 8 / 24', 'b5qZpw', 1, 9, 3),
(20, '1399 / 8 / 24', 'b5qZpw', 1, 9, 2),
(21, '1399 / 8 / 25', 'cJKWpQ', 1, 1, 1),
(22, '1399 / 8 / 25', 'cJKXpw', 1, 17, 1),
(23, '1399 / 8 / 25', 'cJKZpA', 1, 17, 1),
(24, '1399 / 8 / 26', 'cJOZqg', 1, 1, 6),
(25, '1399 / 8 / 28', 'cJaXpQ', 1, 9, 77),
(26, '1399 / 8 / 28', 'cJaZqA', 1, 1, 77),
(27, '1399 / 9 / 3', 'cZeTqQ', 1, 18, 77),
(28, '1399 / 9 / 3', 'cZeTqg', 1, 9, 77);

-- --------------------------------------------------------

--
-- Table structure for table `buyexam`
--

CREATE TABLE `buyexam` (
  `id` int(20) NOT NULL,
  `idExam_fk` int(20) NOT NULL,
  `idPerson_fk` int(20) NOT NULL,
  `state` int(2) NOT NULL DEFAULT '0',
  `score` int(20) NOT NULL DEFAULT '0'
) ENGINE=InnoDB DEFAULT CHARSET=latin1;

--
-- Dumping data for table `buyexam`
--

INSERT INTO `buyexam` (`id`, `idExam_fk`, `idPerson_fk`, `state`, `score`) VALUES
(1, 3, 9, 1, 20);

-- --------------------------------------------------------

--
-- Table structure for table `course`
--

CREATE TABLE `course` (
  `id` int(20) NOT NULL,
  `name` varchar(200) COLLATE utf8_persian_ci NOT NULL,
  `price` int(10) NOT NULL DEFAULT '0',
  `time` int(5) NOT NULL DEFAULT '0',
  `size` int(11) NOT NULL DEFAULT '0',
  `idProfessor_fk` int(20) NOT NULL DEFAULT '0',
  `description` varchar(1000) COLLATE utf8_persian_ci NOT NULL DEFAULT 'نامعلوم',
  `degreeOfEducation` varchar(20) COLLATE utf8_persian_ci DEFAULT 'نامعلوم',
  `state` int(2) NOT NULL DEFAULT '0',
  `idMajor_fk` int(20) NOT NULL DEFAULT '0',
  `titles` varchar(1000) COLLATE utf8_persian_ci NOT NULL DEFAULT 'نامعلوم',
  `idGroup_fk` int(20) NOT NULL DEFAULT '0',
  `idGrayesh_fk` int(20) DEFAULT NULL
) ENGINE=InnoDB DEFAULT CHARSET=utf8 COLLATE=utf8_persian_ci;

--
-- Dumping data for table `course`
--

INSERT INTO `course` (`id`, `name`, `price`, `time`, `size`, `idProfessor_fk`, `description`, `degreeOfEducation`, `state`, `idMajor_fk`, `titles`, `idGroup_fk`, `idGrayesh_fk`) VALUES
(1, 'آموزش تخصصی و پروژه محور GIS', 200000, 20, 2000, 5, 'نامعلوم', 'نامعلوم', 1, 2, '<b>فصل اول</b>\r\n<br>مقدمه<br>\r\n<b>فصل دوم</b>\r\n<br>کاربردهای نرم افزار<br>\r\n<b>فصل سوم</b>\r\n      <br>پروژه 1<br>\r\n<b>فصل چهارم</b>\r\n<br>پروژه 2<br>\r\n<b>فصل پنجم</b>\r\n<br>پروژه 3<br>\r\n<b>فصل پنجم</b>\r\n      <br>پروژه 4<br>', 6, 1),
(2, 'آموزش تخصصی و پروژه محور data mine', 3000, 0, 0, 0, 'نامعلوم', 'نامعلوم', 0, 2, 'نامعلوم', 6, 2),
(3, 'آموزش تخصصی و پروژه محور surpac', 20000, 5, 200, 1, 'نامعلوم', 'لیسانس', 1, 2, '<b>فصل اول</b>\r\n<br>مقدمه<br>\r\n<b>فصل دوم</b>\r\n<br>کاربردهای نرم افزار<br>\r\n<b>فصل سوم</b>\r\n      <br>پروژه 1<br>\r\n<b>فصل چهارم</b>\r\n<br>پروژه 2<br>\r\n<b>فصل پنجم</b>\r\n<br>پروژه 3<br>\r\n<b>فصل پنجم</b>\r\n      <br>پروژه 4<br>', 6, 2),
(4, 'آموزش جامع و تخصصی نرم افزار UDEC', 0, 6, 0, 1, 'نامعلوم', 'نامعلوم', 1, 2, '<b>فصل اول</b>\r\n<br>مقدمه<br>\r\n<b>فصل دوم</b>\r\n<br>کاربردهای نرم افزار<br>\r\n<b>فصل سوم</b>\r\n      <br>پروژه 1<br>\r\n<b>فصل چهارم</b>\r\n<br>پروژه 2<br>\r\n<b>فصل پنجم</b>\r\n<br>پروژه 3<br>\r\n<b>فصل پنجم</b>\r\n      <br>پروژه 4<br>', 6, 3),
(6, 'آموزش تخصصی و جامع نرم افزار  FLAC 3D', 20000, 6, 100, 1, 'نامعلوم', 'فوق لیسانس', 1, 2, '<b>فصل اول</b>\r\n<br>مقدمه<br>\r\n<b>فصل دوم</b>\r\n<br>کاربردهای نرم افزار<br>\r\n<b>فصل سوم</b>\r\n      <br>پروژه 1<br>\r\n<b>فصل چهارم</b>\r\n<br>پروژه 2<br>\r\n<b>فصل پنجم</b>\r\n<br>پروژه 3<br>\r\n<b>فصل پنجم</b>\r\n      <br>پروژه 4<br>', 6, 3),
(7, 'آموزش تخصصی و جامع PLAXIS 2D ', 0, 0, 0, 0, 'نامعلوم', 'نامعلوم', 0, 2, 'نامعلوم', 6, 3),
(8, 'آموزش تخصصی و جامع PLAXIS 3D Tunnel', 0, 0, 0, 0, 'نامعلوم', 'نامعلوم', 0, 2, 'نامعلوم', 6, 0),
(9, 'آموزش جامع و تخصصی نرم افزار PLAXIS 3D', 0, 0, 0, 0, 'نامعلوم', 'نامعلوم', 0, 2, 'نامعلوم', 6, 0),
(10, 'آموزش جامع و تخصصی نرم افزار 3DEC ', 0, 0, 0, 0, 'نامعلوم', 'نامعلوم', 0, 2, 'نامعلوم', 6, 3),
(11, 'آموزش جامع و تخصصی نرم افزار FLAC 3D', 0, 0, 0, 0, 'نامعلوم', 'نامعلوم', 0, 2, 'نامعلوم', 6, 0),
(12, 'آموزش جامع و تخصصی نرم افزار ABAQUS', 0, 0, 0, 0, 'نامعلوم', 'نامعلوم', 0, 2, 'نامعلوم', 6, 3),
(13, 'آموزش تخصصی و جامع PFC', 0, 0, 0, 0, 'نامعلوم', 'نامعلوم', 0, 2, 'نامعلوم', 6, 3),
(14, 'آموزش تخصصی نرم افزار اتوکد ', 10000, 3, 2000, 0, 'نامعلوم', 'رشته مکانیک', 1, 2, '<b>فصل اول</b>\r\n<br>مقدمه<br>\r\n<b>فصل دوم</b>\r\n<br>کاربردهای نرم افزار<br>\r\n<b>فصل سوم</b>\r\n      <br>پروژه 1<br>\r\n<b>فصل چهارم</b>\r\n<br>پروژه 2<br>\r\n<b>فصل پنجم</b>\r\n<br>پروژه 3<br>\r\n<b>فصل پنجم</b>\r\n      <br>پروژه 4<br>', 6, 3),
(15, 'آموزش پروژه محور نرم افزار دیگسایلنت ', 0, 0, 0, 0, 'نامعلوم', 'نامعلوم', 0, 3, 'نامعلوم', 7, 4),
(16, 'آموزش پروژه محور نرم افزار pvsyst', 0, 0, 0, 0, 'نامعلوم', 'نامعلوم', 0, 3, 'نامعلوم', 7, 4),
(17, 'آموزش پروژه محور نرم افزار etap ', 0, 0, 0, 0, 'نامعلوم', 'نامعلوم', 0, 3, 'نامعلوم', 7, 4),
(18, 'آموزش پروژه محور نرم افزار Eplan', 0, 0, 0, 0, 'نامعلوم', 'نامعلوم', 0, 3, 'نامعلوم', 7, 4),
(19, 'آموزش پروژه محور نرم افزار اتوکد الکتریکال', 0, 0, 0, 0, 'نامعلوم', 'نامعلوم', 0, 3, 'نامعلوم', 7, 4),
(20, 'آموزش نرم افزار متلب برای رشته مهندسی برق قدرت', 0, 0, 0, 0, 'نامعلوم', 'نامعلوم', 0, 3, 'نامعلوم', 7, 4),
(21, 'آموزش نرم افزار انسیس ماکسول (ANSIS MAXWELL)', 0, 0, 0, 0, 'نامعلوم', 'نامعلوم', 0, 3, 'نامعلوم', 7, 4),
(22, 'آموزش جامع گمز برای گرایش قدرت و ارتباط با متلب', 0, 0, 0, 0, 'نامعلوم', 'نامعلوم', 0, 3, 'نامعلوم', 7, 4),
(23, 'آموزش نرم افزار PS CAD', 0, 0, 0, 0, 'نامعلوم', 'نامعلوم', 0, 3, 'نامعلوم', 7, 4),
(24, 'آموزش  پروژه محور نرم افزار HFSS', 0, 0, 0, 0, 'نامعلوم', 'نامعلوم', 0, 3, 'نامعلوم', 7, 5),
(25, 'آموزش پروژه محور طراحی مدارات مخابراتی در محیط layout با نرم افزار ADS', 0, 0, 0, 0, 'نامعلوم', 'نامعلوم', 0, 3, 'نامعلوم', 7, 5),
(26, 'آموزش تخصصی متلب برای مهندسی مخابرات', 0, 0, 0, 0, 'نامعلوم', 'نامعلوم', 0, 3, 'نامعلوم', 7, 5),
(28, 'آموزش پروژه محور نرم افزار AWR microwave office ', 0, 0, 0, 0, 'نامعلوم', 'نامعلوم', 0, 3, 'نامعلوم', 7, 5),
(29, 'آموزش تخصصی هوش مصنوعی', 0, 0, 0, 0, 'نامعلوم', 'نامعلوم', 0, 3, 'نامعلوم', 7, 5),
(30, 'آموزش تخصصی جعبه ابزار یادگیری ماشین', 0, 0, 0, 0, 'نامعلوم', 'نامعلوم', 0, 3, 'نامعلوم', 7, 5),
(31, 'آموزش تخصصی پروتئوس', 0, 0, 0, 0, 'نامعلوم', 'نامعلوم', 0, 3, 'نامعلوم', 7, 5),
(32, 'آموزش تخصصی نرم افزار CST', 0, 0, 0, 0, 'نامعلوم', 'نامعلوم', 0, 3, 'نامعلوم', 7, 5),
(33, 'آموزش تخصصی متلب برای مهندسی کنترل', 0, 0, 0, 0, 'نامعلوم', 'نامعلوم', 0, 3, 'نامعلوم', 7, 6),
(34, 'آموزش تخصصی و پروژه محور TIA PORTAL', 0, 0, 0, 0, 'نامعلوم', 'نامعلوم', 0, 3, 'نامعلوم', 7, 6),
(35, 'آموزش تخصصی و پروژه محور PLC', 0, 0, 0, 0, 'نامعلوم', 'نامعلوم', 0, 3, 'نامعلوم', 7, 6),
(36, 'آموزش تخصصی و پروژه محور کد نویسی میکرو کنترلر ها  بصورت تفکیک شده', 0, 0, 0, 0, 'نامعلوم', 'نامعلوم', 0, 3, 'نامعلوم', 7, 7),
(37, 'آموزش تخصصی و پروژه محور FPGA', 0, 0, 0, 0, 'نامعلوم', 'نامعلوم', 0, 3, 'نامعلوم', 7, 7),
(38, 'آموزش تخصصی و پروژه محور طراحی بردهای الکترونیکی با نرم افزار Altium designer', 0, 0, 0, 0, 'نامعلوم', 'نامعلوم', 0, 3, 'نامعلوم', 7, 7),
(39, 'آموزش تخصصی و پروژه محور آردوینو', 0, 0, 0, 0, 'نامعلوم', 'نامعلوم', 0, 3, 'نامعلوم', 7, 7),
(40, 'آموزش تخصصی و پروژه محور هوشمند سازی خانه ها BMS', 0, 0, 0, 0, 'نامعلوم', 'نامعلوم', 0, 3, 'نامعلوم', 7, 7),
(41, 'آموزش تخصصی و پروژه محور 3D MAX', 0, 0, 0, 0, 'نامعلوم', 'نامعلوم', 0, 4, 'نامعلوم', 8, 0),
(42, 'آموزش تخصصی و پروژه محور اتوکد ', 0, 0, 0, 0, 'نامعلوم', 'نامعلوم', 0, 4, 'نامعلوم', 8, 0),
(43, 'آموزش تخصصی و پروژه محور ETABS', 0, 0, 0, 0, 'نامعلوم', 'نامعلوم', 0, 4, 'نامعلوم', 8, 0),
(44, 'آموزش تخصصی و پروژه محور SAP', 0, 0, 0, 0, 'نامعلوم', 'نامعلوم', 0, 4, 'نامعلوم', 8, 0),
(45, 'آموزش تخصصی و پروژه محور رویت Revit', 0, 0, 0, 0, 'نامعلوم', 'نامعلوم', 0, 4, 'نامعلوم', 8, 0),
(46, 'دوره آموزش جامع ++C', 0, 0, 0, 0, 'نامعلوم', 'نامعلوم', 0, 1, 'نامعلوم', 9, 0),
(47, 'دوره آموزش جامع فوتوشاپ (photoshop)', 0, 0, 0, 0, 'نامعلوم', 'نامعلوم', 0, 1, 'نامعلوم', 9, 0),
(48, 'دوره آموزش جامع illustrator', 0, 0, 0, 0, 'نامعلوم', 'نامعلوم', 0, 1, 'نامعلوم', 9, 0),
(49, 'دوره آموزش جامع پریمیرpremier ', 0, 0, 0, 0, 'نامعلوم', 'نامعلوم', 0, 1, 'نامعلوم', 9, 0),
(50, 'دوره آموزش جامع coreldraw', 0, 0, 0, 0, 'نامعلوم', 'نامعلوم', 0, 1, 'نامعلوم', 9, 0),
(51, 'دوره آموزش جامع هوش مصنوعی', 0, 0, 0, 0, 'نامعلوم', 'نامعلوم', 0, 1, 'نامعلوم', 9, 0),
(52, 'دوره جامع آموزش پروژه محور پایتون', 0, 0, 0, 0, 'نامعلوم', 'نامعلوم', 0, 1, 'نامعلوم', 9, 0),
(53, 'دوره آموزش جامع برنامه نویسی c', 0, 0, 0, 0, 'نامعلوم', 'نامعلوم', 0, 1, 'نامعلوم', 9, 0),
(54, 'دوره جامع آموزش php storm', 0, 0, 0, 0, 'نامعلوم', 'نامعلوم', 0, 1, 'نامعلوم', 9, 0),
(55, 'دوره جامع آموزش my SQL ', 0, 0, 0, 0, 'نامعلوم', 'نامعلوم', 0, 1, 'نامعلوم', 9, 0),
(56, 'دوره جامع آموزش متلب ', 0, 0, 0, 0, 'نامعلوم', 'نامعلوم', 0, 1, 'نامعلوم', 9, 0),
(57, 'آموزش تخصصی و پروژه محور سالیدورک', 0, 0, 0, 0, 'نامعلوم', 'نامعلوم', 0, 5, 'نامعلوم', 10, 0),
(58, 'آموزش تخصصی و پروژه محور اتوکد', 0, 0, 0, 0, 'نامعلوم', 'نامعلوم', 0, 5, 'نامعلوم', 10, 0),
(59, 'آموزش تخصصی پروژه محور Ansys', 0, 0, 0, 0, 'نامعلوم', 'نامعلوم', 0, 5, 'نامعلوم', 10, 0),
(60, 'آموزش تخصصی و پروژه محور Comsol multiphysics', 0, 0, 0, 0, 'نامعلوم', 'نامعلوم', 0, 5, 'نامعلوم', 10, 0),
(61, 'آموزش تخصصی متلب برای مهندسی مکانیک', 0, 0, 0, 0, 'نامعلوم', 'نامعلوم', 0, 5, 'نامعلوم', 10, 0),
(62, 'آموزش تخصصی و پروژه محور Catia', 0, 0, 0, 0, 'نامعلوم', 'نامعلوم', 0, 5, 'نامعلوم', 10, 0),
(63, 'آموزش تخصصی و پروژه محور Design  Builder', 0, 0, 0, 0, 'نامعلوم', 'نامعلوم', 0, 5, 'نامعلوم', 10, 0),
(64, 'آموزش تخصصی و پروژه محور ABAQUS', 0, 0, 0, 0, 'نامعلوم', 'نامعلوم', 0, 5, 'نامعلوم', 10, 0),
(65, 'آموزش تخصصی و پروژه محور گمز', 0, 0, 0, 0, 'نامعلوم', 'نامعلوم', 0, 6, 'نامعلوم', 11, 0),
(66, 'آموزش تخصصی و پروژه محور MSP', 0, 0, 0, 0, 'نامعلوم', 'نامعلوم', 0, 6, 'نامعلوم', 11, 0),
(67, 'آموزش تخصصی و پروژه محور متلب برای مهندسی صنایع', 0, 0, 0, 0, 'نامعلوم', 'نامعلوم', 0, 6, 'نامعلوم', 11, 0),
(68, 'آموزش تخصصی متلب برای مهندسی مواد', 0, 0, 0, 0, 'نامعلوم', 'نامعلوم', 0, 7, 'نامعلوم', 12, 0),
(69, 'آموزش تخصصی و پروژه محور ایویوز', 0, 0, 0, 0, 'نامعلوم', 'نامعلوم', 0, 8, 'نامعلوم', 13, 0),
(70, 'آموزش تخصصی و پروژه محور استاتا', 0, 0, 0, 0, 'نامعلوم', 'نامعلوم', 0, 8, 'نامعلوم', 13, 0),
(71, 'آموزش تخصصی و پروژه محور SPSS', 0, 0, 0, 0, 'نامعلوم', 'نامعلوم', 0, 8, 'نامعلوم', 13, 0),
(72, 'آموزش تخصصی و پروژه محور هلو', 0, 0, 0, 0, 'نامعلوم', 'نامعلوم', 0, 8, 'نامعلوم', 13, 0),
(73, 'آموزش تخصصی و پروژه محور محک', 0, 0, 0, 0, 'نامعلوم', 'نامعلوم', 0, 8, 'نامعلوم', 13, 0),
(74, 'آموزش تخصصی و پروژه محور ماندگار', 0, 0, 0, 0, 'نامعلوم', 'نامعلوم', 0, 8, 'نامعلوم', 13, 0),
(76, 'آموزش تخصصی و پروژه محور همکاران سیستم', 0, 0, 0, 0, 'نامعلوم', 'نامعلوم', 0, 8, 'نامعلوم', 13, 0),
(77, 'آموزش درس ریاضی 1 عمومی با حل مثال‌ها و تمرینات  کاربردی با استفاده از  کتاب مرجع دانشگاه های معتبر', 50000, 0, 0, 0, 'نامعلوم', 'نامعلوم', 0, 9, 'نامعلوم', 14, 0),
(78, 'آموزش درس فیزیک 1 عمومی با حل مثال‌ها و تمرینات  کاربردی با استفاده از  کتاب مرجع دانشگاه های معتبر', 0, 0, 0, 0, 'نامعلوم', 'نامعلوم', 0, 9, 'نامعلوم', 14, 0),
(79, 'آموزش درس ریاضی 2 عمومی با حل مثال‌ها و تمرینات  کاربردی با استفاده از  کتاب مرجع دانشگاه های معتبر', 100, 5, 500, 1, 'نامعلوم', 'نامعلوم', 1, 9, '<b>فصل اول</b>\r\n<br>مقدمه<br>\r\n<b>فصل دوم</b>\r\n<br>کاربردهای نرم افزار<br>\r\n<b>فصل سوم</b>\r\n      <br>پروژه 1<br>\r\n<b>فصل چهارم</b>\r\n<br>پروژه 2<br>\r\n<b>فصل پنجم</b>\r\n<br>پروژه 3<br>\r\n<b>فصل پنجم</b>\r\n      <br>پروژه 4<br>', 14, 0),
(80, 'آموزش درس فیزیک 2 عمومی با حل مثال‌ها و تمرینات  کاربردی با استفاده از  کتاب مرجع دانشگاه های معتبر', 0, 0, 0, 0, 'نامعلوم', 'نامعلوم', 0, 9, 'نامعلوم', 14, 0),
(81, 'آموزش درس معادلات  با حل مثال‌ها و تمرینات  کاربردی با استفاده از  کتاب مرجع دانشگاه های معتبر', 0, 0, 0, 0, 'نامعلوم', 'نامعلوم', 0, 9, 'نامعلوم', 14, 0),
(82, 'آموزش درس محاسبات عددی با حل مثال‌ها و تمرینات  کاربردی با استفاده از  کتاب مرجع دانشگاه های معتبر', 0, 0, 0, 0, 'نامعلوم', 'نامعلوم', 0, 9, 'نامعلوم', 14, 0),
(83, 'آموزش درس ریاضی مهندسی با حل مثال‌ها و تمرینات  کاربردی با استفاده از  کتاب مرجع دانشگاه های معتبر', 0, 0, 0, 0, 'نامعلوم', 'نامعلوم', 0, 9, 'نامعلوم', 14, 0),
(84, 'آموزش درس برنامه نویسی کامپیوتر عمومی با حل مثال‌ها و تمرینات  کاربردی با استفاده از  کتاب مرجع دانشگاه‌های معتبر', 0, 0, 0, 0, 'نامعلوم', 'نامعلوم', 0, 9, 'نامعلوم', 14, 0),
(85, 'آموزش آمار و احتمال مهندسی با حل مثال‌ها و تمرینات  کاربردی با استفاده از  کتاب مرجع دانشگاه های معت', 5000, 3, 200, 5, 'نامعلوم', 'نامعلوم', 1, 9, '<b>فصل اول</b>\r\n<br>مقدمه<br>\r\n<b>فصل دوم</b>\r\n<br>کاربردهای نرم افزار<br>\r\n<b>فصل سوم</b>\r\n      <br>پروژه 1<br>\r\n<b>فصل چهارم</b>\r\n<br>پروژه 2<br>\r\n<b>فصل پنجم</b>\r\n<br>پروژه 3<br>\r\n<b>فصل پنجم</b>\r\n      <br>پروژه 4<br>', 14, 0),
(86, 'آموزش درس مدارهای الکتریکی 1 با حل مثال‌ها و تمرینات  کاربردی با استفاده از  کتاب مرجع دانشگاه های معتبر', 0, 0, 0, 0, 'نامعلوم', 'نامعلوم', 0, 3, 'نامعلوم', 15, 0),
(87, 'آموزش درس مدارهای الکتریکی 2 با حل مثال‌ها و تمرینات  کاربردی با استفاده از  کتاب مرجع دانشگاه های معتبر', 0, 0, 0, 0, 'نامعلوم', 'نامعلوم', 0, 3, 'نامعلوم', 15, 0),
(88, 'آموزش درس ماشین های الکتریکی 1 با حل مثال‌ها و تمرینات  کاربردی با استفاده از  کتاب مرجع دانشگاه های معتبر', 0, 0, 0, 0, 'نامعلوم', 'نامعلوم', 0, 3, 'نامعلوم', 15, 0),
(89, 'آموزش درس ماشین های الکتریکی 2 با حل مثال‌ها و تمرینات  کاربردی با استفاده از  کتاب مرجع دانشگاه های معتبر', 0, 0, 0, 0, 'نامعلوم', 'نامعلوم', 0, 3, 'نامعلوم', 15, 0),
(90, 'آموزش درس تحلیل سیستم انرژی 1 با حل مثال‌ها و تمرینات  کاربردی با استفاده از  کتاب مرجع دانشگاه های معتبر', 0, 0, 0, 0, 'نامعلوم', 'نامعلوم', 0, 3, 'نامعلوم', 15, 0),
(91, 'آموزش درس تحلیل سیستم انرژی 2 با حل مثال‌ها و تمرینات  کاربردی با استفاده از  کتاب مرجع دانشگاه های معتبر', 0, 0, 0, 0, 'نامعلوم', 'نامعلوم', 0, 3, 'نامعلوم', 15, 0),
(92, 'آموزش درس تاسیسات الکتریکی با حل مثال‌ها و تمرینات  کاربردی با استفاده از  کتاب مرجع دانشگاه های معتبر', 0, 0, 0, 0, 'نامعلوم', 'نامعلوم', 0, 3, 'نامعلوم', 15, 0),
(93, 'آموزش درس الکترونیک 1 با حل مثال‌ها و تمرینات  کاربردی با استفاده از  کتاب مرجع دانشگاه های معتبر', 0, 0, 0, 0, 'نامعلوم', 'نامعلوم', 0, 3, 'نامعلوم', 15, 0),
(94, 'آموزش درس الکترونیک 2 با حل مثال‌ها و تمرینات  کاربردی با استفاده از  کتاب مرجع دانشگاه های معتبر', 0, 0, 0, 0, 'نامعلوم', 'نامعلوم', 0, 3, 'نامعلوم', 15, 0),
(95, 'آموزش درس الکترومغناطیس با حل مثال‌ها و تمرینات  کاربردی با استفاده از  کتاب مرجع دانشگاه های معتبر', 0, 0, 0, 0, 'نامعلوم', 'نامعلوم', 0, 3, 'نامعلوم', 15, 0),
(96, 'آموزش درس مخابرات 1 با حل مثال‌ها و تمرینات  کاربردی با استفاده از  کتاب مرجع دانشگاه های معتبر', 0, 0, 0, 0, 'نامعلوم', 'نامعلوم', 0, 3, 'نامعلوم', 15, 0),
(97, 'آموزش درس کنترل سیستم های خطی با حل مثال‌ها و تمرینات  کاربردی با استفاده از  کتاب مرجع دانشگاه های معتبر', 0, 0, 0, 0, 'نامعلوم', 'نامعلوم', 0, 3, 'نامعلوم', 15, 0),
(98, 'آموزش درس مدارهای منطقی با حل مثال‌ها و تمرینات  کاربردی با استفاده از  کتاب مرجع دانشگاه های معتبر', 0, 0, 0, 0, 'نامعلوم', 'نامعلوم', 0, 3, 'نامعلوم', 15, 0),
(99, 'آموزش درس الکترونیک صنعتی با حل مثال‌ها و تمرینات  کاربردی با استفاده از  کتاب مرجع دانشگاه های معتبر', 0, 0, 0, 0, 'نامعلوم', 'نامعلوم', 0, 3, 'نامعلوم', 15, 0),
(100, 'آموزش درس ماشین های الکتریکی 3 با حل مثال‌ها و تمرینات  کاربردی با استفاده از  کتاب مرجع دانشگاه های معتبر', 0, 0, 0, 0, 'نامعلوم', 'نامعلوم', 0, 3, 'نامعلوم', 15, 0),
(101, 'آموزش درس مدارهای مخابراتی با حل مثال‌ها و تمرینات  کاربردی با استفاده از  کتاب مرجع دانشگاه های معتبر', 0, 0, 0, 0, 'نامعلوم', 'نامعلوم', 0, 3, 'نامعلوم', 15, 0),
(102, 'آموزش درس مبانی تحقیق در عملیات با حل مثال‌ها و تمرینات  کاربردی با استفاده از  کتاب مرجع دانشگاه های معتبر', 0, 0, 0, 0, 'نامعلوم', 'نامعلوم', 0, 3, 'نامعلوم', 15, 0),
(103, 'آموزش درس عایق و فشارقوی با حل مثال‌ها و تمرینات  کاربردی با استفاده از  کتاب مرجع دانشگاه های معتبر', 0, 0, 0, 0, 'نامعلوم', 'نامعلوم', 0, 3, 'نامعلوم', 15, 0),
(104, 'آموزش درس حفاظت سیستم های الکتریکی با حل مثال‌ها و تمرینات  کاربردی با استفاده از  کتاب مرجع دانشگاه های معتبر', 0, 0, 0, 0, 'نامعلوم', 'نامعلوم', 0, 3, 'نامعلوم', 15, 0),
(105, 'آموزش درس طراحی پست با حل مثال‌ها و تمرینات  کاربردی با استفاده از  کتاب مرجع دانشگاه های معتبر', 0, 0, 0, 0, 'نامعلوم', 'نامعلوم', 0, 3, 'نامعلوم', 15, 0),
(106, 'آموزش درس استاتیک با حل مثال‌ها و تمرینات  کاربردی با استفاده از  کتاب مرجع دانشگاه های معتبر', 0, 0, 0, 0, 'نامعلوم', 'نامعلوم', 0, 2, 'نامعلوم', 16, 0),
(107, 'آموزش درس  ژئوشیمی با حل مثال‌ها و تمرینات  کاربردی با استفاده از  کتاب مرجع دانشگاه های معتبر', 0, 0, 0, 0, 'نامعلوم', 'نامعلوم', 0, 2, 'نامعلوم', 16, 0),
(108, 'آموزش درس تهویه در معادن با حل مثال‌ها و تمرینات  کاربردی با استفاده از  کتاب مرجع دانشگاه های معتبر', 0, 0, 0, 0, 'نامعلوم', 'نامعلوم', 0, 2, 'نامعلوم', 16, 0),
(109, 'آموزش درس مقاومت مصالح با حل مثال‌ها و تمرینات  کاربردی با استفاده از  کتاب مرجع دانشگاه های معتبر', 0, 0, 0, 0, 'نامعلوم', 'نامعلوم', 0, 2, 'نامعلوم', 16, 0),
(110, 'آموزش درس مبانی مکانیک سنگ با حل مثال‌ها و تمرینات  کاربردی با استفاده از  کتاب مرجع دانشگاه های معتبر', 0, 0, 0, 0, 'نامعلوم', 'نامعلوم', 0, 2, 'نامعلوم', 16, 0),
(111, 'آموزش درس ترمودینامیک با حل مثال‌ها و تمرینات  کاربردی با استفاده از  کتاب مرجع دانشگاه های معتبر', 0, 0, 0, 0, 'نامعلوم', 'نامعلوم', 0, 2, 'نامعلوم', 16, 0),
(112, 'آموزش درس مکانیک سیالات با حل مثال‌ها و تمرینات  کاربردی با استفاده از  کتاب مرجع دانشگاه های معتبر', 0, 0, 0, 0, 'نامعلوم', 'نامعلوم', 0, 2, 'نامعلوم', 16, 0),
(113, 'آموزش درس مبانی مهندسی برق 1 با حل مثال‌ها و تمرینات  کاربردی با استفاده از  کتاب مرجع دانشگاه های معتبر', 0, 0, 0, 0, 'نامعلوم', 'نامعلوم', 0, 5, 'نامعلوم', 17, 0),
(114, 'آموزش درس مبانی مهندسی برق 2 با حل مثال‌ها و تمرینات  کاربردی با استفاده از  کتاب مرجع دانشگاه های معتبر', 0, 0, 0, 0, 'نامعلوم', 'نامعلوم', 0, 5, 'نامعلوم', 17, 0),
(115, 'آموزش درس استاتیک با حل مثال‌ها و تمرینات  کاربردی با استفاده از  کتاب مرجع دانشگاه های معتبر', 0, 0, 0, 0, 'نامعلوم', 'نامعلوم', 0, 5, 'نامعلوم', 17, 0),
(116, 'آموزش درس دینامیک  با حل مثال‌ها و تمرینات  کاربردی با استفاده از  کتاب مرجع دانشگاه های معتبر', 0, 0, 0, 0, 'نامعلوم', 'نامعلوم', 0, 5, 'نامعلوم', 17, 0),
(117, 'آموزش درس مقاومت مصالح 1 با حل مثال‌ها و تمرینات  کاربردی با استفاده از  کتاب مرجع دانشگاه های معتبر', 0, 0, 0, 0, 'نامعلوم', 'نامعلوم', 0, 5, 'نامعلوم', 17, 0),
(118, 'آموزش درس مقاومت مصالح2  با حل مثال‌ها و تمرینات  کاربردی با استفاده از  کتاب مرجع دانشگاه های معتبر', 0, 0, 0, 0, 'نامعلوم', 'نامعلوم', 0, 5, 'نامعلوم', 17, 0),
(119, 'آموزش درس ترمودینامیک 1 با حل مثال‌ها و تمرینات  کاربردی با استفاده از  کتاب مرجع دانشگاه های معتبر', 0, 0, 0, 0, 'نامعلوم', 'نامعلوم', 0, 5, 'نامعلوم', 17, 0),
(120, 'آموزش درس ترمودینامیک 2 با حل مثال‌ها و تمرینات  کاربردی با استفاده از  کتاب مرجع دانشگاه های معتبر', 0, 0, 0, 0, 'نامعلوم', 'نامعلوم', 0, 5, 'نامعلوم', 17, 0),
(121, 'آموزش درس مکانیک سیالات 1 با حل مثال‌ها و تمرینات  کاربردی با استفاده از  کتاب مرجع دانشگاه های معتبر', 0, 0, 0, 0, 'نامعلوم', 'نامعلوم', 0, 5, 'نامعلوم', 17, 0),
(122, 'آموزش درس مکانیک سیالات 2 با حل مثال‌ها و تمرینات  کاربردی با استفاده از  کتاب مرجع دانشگاه های معتبر', 0, 0, 0, 0, 'نامعلوم', 'نامعلوم', 0, 5, 'نامعلوم', 17, 0),
(123, 'آموزش درس طراحی اجزا 1 با حل مثال‌ها و تمرینات  کاربردی با استفاده از  کتاب مرجع دانشگاه های معتبر', 0, 0, 0, 0, 'نامعلوم', 'نامعلوم', 0, 5, 'نامعلوم', 17, 0),
(124, 'آموزش درس طراحی اجزا 2 با حل مثال‌ها و تمرینات  کاربردی با استفاده از  کتاب مرجع دانشگاه های معتبر', 0, 0, 0, 0, 'نامعلوم', 'نامعلوم', 0, 5, 'نامعلوم', 17, 0),
(125, 'آموزش درس دینامیک ماشین با حل مثال‌ها و تمرینات  کاربردی با استفاده از  کتاب مرجع دانشگاه های معتبر', 0, 0, 0, 0, 'نامعلوم', 'نامعلوم', 0, 5, 'نامعلوم', 17, 0),
(126, 'آموزش درس مقاومت مصالح 1 با حل مثال‌ها و تمرینات  کاربردی با استفاده از  کتاب مرجع دانشگاه های معتبر', 0, 0, 0, 0, 'نامعلوم', 'نامعلوم', 0, 4, 'نامعلوم', 18, 0),
(127, 'آموزش درس مقاومت مصالح 2 با حل مثال‌ها و تمرینات  کاربردی با استفاده از  کتاب مرجع دانشگاه های معتبر', 0, 0, 0, 0, 'نامعلوم', 'نامعلوم', 0, 4, 'نامعلوم', 18, 0),
(128, 'آموزش درس مکانیک سیالات با حل مثال‌ها و تمرینات  کاربردی با استفاده از  کتاب مرجع دانشگاه های معتبر', 0, 0, 0, 0, 'نامعلوم', 'نامعلوم', 0, 4, 'نامعلوم', 18, 0),
(129, 'آموزش درس تحلیل سازه 1 با حل مثال‌ها و تمرینات  کاربردی با استفاده از  کتاب مرجع دانشگاه های معتبر', 0, 0, 0, 0, 'نامعلوم', 'نامعلوم', 0, 4, 'نامعلوم', 18, 0),
(130, 'آموزش درس تحلیل سازه 2 با حل مثال‌ها و تمرینات  کاربردی با استفاده از  کتاب مرجع دانشگاه های معتبر', 0, 0, 0, 0, 'نامعلوم', 'نامعلوم', 0, 4, 'نامعلوم', 18, 0),
(131, 'آموزش درس سازه های بتن آرمه 1 با حل مثال‌ها و تمرینات  کاربردی با استفاده از  کتاب مرجع دانشگاه های معتبر', 0, 0, 0, 0, 'نامعلوم', 'نامعلوم', 0, 4, 'نامعلوم', 18, 0),
(132, 'آموزش درس سازه های بتن آرمه 2 با حل مثال‌ها و تمرینات  کاربردی با استفاده از  کتاب مرجع دانشگاه های معتبر', 0, 0, 0, 0, 'نامعلوم', 'نامعلوم', 0, 4, 'نامعلوم', 18, 0),
(133, 'آموزش درس اصول مهندسی زلزله با حل مثال‌ها و تمرینات  کاربردی با استفاده از  کتاب مرجع دانشگاه های معتبر', 0, 0, 0, 0, 'نامعلوم', 'نامعلوم', 0, 4, 'نامعلوم', 18, 0),
(134, 'آموزش درس مبانی کامپیوتر و برنامه سازی با حل مثال‌ها و تمرینات  کاربردی با استفاده از  کتاب مرجع دانشگاه های معتبر', 0, 0, 0, 0, 'نامعلوم', 'نامعلوم', 0, 1, 'نامعلوم', 19, 0),
(135, 'آموزش درس برنامه سازی پیشرفته با حل مثال‌ها و تمرینات  کاربردی با استفاده از  کتاب مرجع دانشگاه های معتبر', 0, 0, 0, 0, 'نامعلوم', 'نامعلوم', 0, 1, 'نامعلوم', 19, 0),
(136, 'آموزش درس مدارهای الکتریکی 1 با حل مثال‌ها و تمرینات  کاربردی با استفاده از  کتاب مرجع دانشگاه های معتبر', 0, 0, 0, 0, 'نامعلوم', 'نامعلوم', 0, 1, 'نامعلوم', 19, 0),
(137, 'آموزش درس ساختمان داده با حل مثال‌ها و تمرینات  کاربردی با استفاده از  کتاب مرجع دانشگاه های معتبر', 0, 0, 0, 0, 'نامعلوم', 'نامعلوم', 0, 1, 'نامعلوم', 19, 0),
(138, 'آموزش درس زبان ماشین و اسمبلی با حل مثال‌ها و تمرینات  کاربردی با استفاده از  کتاب مرجع دانشگاه های معتبر', 0, 0, 0, 0, 'نامعلوم', 'نامعلوم', 0, 1, 'نامعلوم', 19, 0),
(139, 'آموزش درس هوش مصنوعی با حل مثال‌ها و تمرینات  کاربردی با استفاده از  کتاب مرجع دانشگاه های معتبر', 0, 0, 0, 0, 'نامعلوم', 'نامعلوم', 0, 1, 'نامعلوم', 19, 0),
(140, 'آموزش درس جبر خطی با حل مثال‌ها و تمرینات  کاربردی با استفاده از  کتاب مرجع دانشگاه های معتبر', 0, 0, 0, 0, 'نامعلوم', 'نامعلوم', 0, 6, 'نامعلوم', 20, 0),
(141, 'آموزش درس تحقیق در عملیات 1 با حل مثال‌ها و تمرینات  کاربردی با استفاده از  کتاب مرجع دانشگاه های معتبر', 0, 0, 0, 0, 'نامعلوم', 'نامعلوم', 0, 6, 'نامعلوم', 20, 0),
(142, 'آموزش درس تحقیق در عملیات 2 با حل مثال‌ها و تمرینات  کاربردی با استفاده از  کتاب مرجع دانشگاه های معتبر', 0, 0, 0, 0, 'نامعلوم', 'نامعلوم', 0, 6, 'نامعلوم', 20, 0),
(143, 'آموزش درس مبانی مهندسی برق با حل مثال‌ها و تمرینات  کاربردی با استفاده از  کتاب مرجع دانشگاه های معتبر', 0, 0, 0, 0, 'نامعلوم', 'نامعلوم', 0, 6, 'نامعلوم', 20, 0),
(145, 'آموزش درس شیمی عمومی با حل مثال‌ها و تمرینات  کاربردی با استفاده از  کتاب مرجع دانشگاه های معتبر', 0, 0, 0, 0, 'نامعلوم', 'نامعلوم', 0, 7, 'نامعلوم', 21, 0),
(146, 'آموزش درس شیمی فیزیک با حل مثال‌ها و تمرینات  کاربردی با استفاده از  کتاب مرجع دانشگاه های معتبر', 0, 0, 0, 0, 'نامعلوم', 'نامعلوم', 0, 7, 'نامعلوم', 21, 0),
(147, 'آموزش درس خواص مکانیکی مواد با حل مثال‌ها و تمرینات  کاربردی با استفاده از  کتاب مرجع دانشگاه های معتبر', 0, 0, 0, 0, 'نامعلوم', 'نامعلوم', 0, 7, 'نامعلوم', 21, 0),
(148, 'آموزش درس اصول حسابداری 1 با حل مثال‌ها و تمرینات  کاربردی با استفاده از  کتاب مرجع دانشگاه های معتبر', 0, 0, 0, 0, 'نامعلوم', 'نامعلوم', 0, 8, 'نامعلوم', 22, 0),
(149, 'آموزش درس اصول حسابداری 2 با حل مثال‌ها و تمرینات  کاربردی با استفاده از  کتاب مرجع دانشگاه های معتبر', 0, 0, 0, 0, 'نامعلوم', 'نامعلوم', 0, 8, 'نامعلوم', 22, 0),
(150, 'آموزش درس اصول حسابداری 3 با حل مثال‌ها و تمرینات  کاربردی با استفاده از  کتاب مرجع دانشگاه های معتبر', 0, 0, 0, 0, 'نامعلوم', 'نامعلوم', 0, 8, 'نامعلوم', 22, 0),
(151, 'آموزش درس حسابداری صنعتی 1 با حل مثال‌ها و تمرینات  کاربردی با استفاده از  کتاب مرجع دانشگاه های معتبر', 0, 0, 0, 0, 'نامعلوم', 'نامعلوم', 0, 8, 'نامعلوم', 22, 0),
(152, 'آموزش درس حسابداری صنعتی 2 با حل مثال‌ها و تمرینات  کاربردی با استفاده از  کتاب مرجع دانشگاه های معتبر', 0, 0, 0, 0, 'نامعلوم', 'نامعلوم', 0, 8, 'نامعلوم', 22, 0),
(153, 'آموزش درس اصول علم اقتصاد کلان 1 با حل مثال‌ها و تمرینات  کاربردی با استفاده از  کتاب مرجع دانشگاه های معتبر', 0, 0, 0, 0, 'نامعلوم', 'نامعلوم', 0, 8, 'نامعلوم', 22, 0),
(154, 'آموزش درس اصول علم اقتصاد کلان 2 با حل مثال‌ها و تمرینات  کاربردی با استفاده از  کتاب مرجع دانشگاه های معتبر', 0, 0, 0, 0, 'نامعلوم', 'نامعلوم', 0, 8, 'نامعلوم', 22, 0),
(155, 'آموزش درس حسابداری پیشرفته 1 با حل مثال‌ها و تمرینات  کاربردی با استفاده از  کتاب مرجع دانشگاه های معتبر', 0, 0, 0, 0, 'نامعلوم', 'نامعلوم', 0, 8, 'نامعلوم', 22, 0),
(156, 'آموزش درس حسابداری پیشرفته 2 با حل مثال‌ها و تمرینات  کاربردی با استفاده از  کتاب مرجع دانشگاه های معتبر', 0, 0, 0, 0, 'نامعلوم', 'نامعلوم', 0, 8, 'نامعلوم', 22, 0),
(157, 'آموزش درس طرح معماری 1 با حل مثال‌ها و تمرینات  کاربردی با استفاده از  کتاب مرجع دانشگاه های معتبر', 0, 0, 0, 0, 'نامعلوم', 'نامعلوم', 0, 10, 'نامعلوم', 23, 0),
(158, 'آموزش درس طرح معماری 2 با حل مثال‌ها و تمرینات  کاربردی با استفاده از  کتاب مرجع دانشگاه های معتبر', 0, 0, 0, 0, 'نامعلوم', 'نامعلوم', 0, 10, 'نامعلوم', 23, 0),
(159, 'آموزش درس طرح معماری 3 با حل مثال‌ها و تمرینات  کاربردی با استفاده از  کتاب مرجع دانشگاه های معتبر', 0, 0, 0, 0, 'نامعلوم', 'نامعلوم', 0, 10, 'نامعلوم', 23, 0),
(160, 'آموزش درس طرح معماری 4 با حل مثال‌ها و تمرینات  کاربردی با استفاده از  کتاب مرجع دانشگاه های معتبر', 0, 0, 0, 0, 'نامعلوم', 'نامعلوم', 0, 10, 'نامعلوم', 23, 0),
(161, 'آموزش درس طرح معماری 5 با حل مثال‌ها و تمرینات  کاربردی با استفاده از  کتاب مرجع دانشگاه های معتبر', 0, 0, 0, 0, 'نامعلوم', 'نامعلوم', 0, 10, 'نامعلوم', 23, 0),
(162, 'آموزش تخصصی نوشتن مقاله در ژورنالهای داخلی', 0, 0, 0, 0, 'نامعلوم', 'نامعلوم', 0, 9, 'نامعلوم', 24, 0),
(163, 'آموزش تخصصی نوشتن مقالات در ژورنال الزویر', 0, 0, 0, 0, 'نامعلوم', 'نامعلوم', 0, 9, 'نامعلوم', 25, 0),
(164, 'آموزش تخصصی  نوشتن مقالات در ژورنال IEEE', 0, 0, 0, 0, 'نامعلوم', 'نامعلوم', 0, 9, 'نامعلوم', 25, 0),
(165, 'آموزش تخصصی نوشتن مقالات در ژورنال اشپرینگر', 0, 0, 0, 0, 'نامعلوم', 'نامعلوم', 0, 9, 'نامعلوم', 25, 0),
(166, 'آموزش تخصصی همراه با نمونه پروپوزال جهت تدوین کامل پروپوزال ارشد', 0, 0, 0, 0, 'نامعلوم', 'نامعلوم', 0, 9, 'نامعلوم', 26, 0),
(167, 'آموزش تخصصی همراه با نمونه پروپوزال جهت تدوین کامل پروپوزال دکترا', 0, 0, 0, 0, 'نامعلوم', 'نامعلوم', 0, 9, 'نامعلوم', 26, 0),
(168, 'آموزش تدوین و نوشتن کامل پایان نامه کارشناسی همراه با نمونه پایان نامه', 0, 0, 0, 0, 'نامعلوم', 'نامعلوم', 0, 9, 'نامعلوم', 27, 0),
(169, 'آموزش تدوین و نوشتن کامل پایان نامه ارشد', 0, 0, 0, 0, 'نامعلوم', 'نامعلوم', 0, 9, 'نامعلوم', 28, 0),
(170, 'آموزش کامل نحوه همانند جویی مقالات توسط نرم افزار', 0, 0, 0, 0, 'نامعلوم', 'نامعلوم', 0, 9, 'نامعلوم', 29, 0),
(171, 'آموزش تخصصی و پیشرفته ورد', 0, 0, 0, 0, 'نامعلوم', 'نامعلوم', 0, 9, 'نامعلوم', 38, 0),
(172, 'آموزش تخصصی ویرایش کامل پایان نامه', 0, 0, 0, 0, 'نامعلوم', 'نامعلوم', 0, 9, 'نامعلوم', 38, 0),
(173, 'آموزش تخصصی ویرایش کامل مقالات', 0, 0, 0, 0, 'نامعلوم', 'نامعلوم', 0, 9, 'نامعلوم', 38, 0),
(174, 'آموزش تخصصی و پیشرفته پاور پوینت', 0, 0, 0, 0, 'نامعلوم', 'نامعلوم', 0, 9, 'نامعلوم', 39, 0),
(175, 'آموزش تخصصی تدوین پاورپوینت جهت ارائه های دفاع و کلاسی', 0, 0, 0, 0, 'نامعلوم', 'نامعلوم', 0, 9, 'نامعلوم', 39, 0),
(176, 'آموزش تخصصی فن بیان جهت ارائه ها و سخنرانی ها ', 0, 0, 0, 0, 'نامعلوم', 'نامعلوم', 0, 9, 'نامعلوم', 40, 0),
(177, 'آموزش تخصصی برای آمادگی آزمون آیلتس ', 0, 0, 0, 0, 'نامعلوم', 'نامعلوم', 0, 9, 'نامعلوم', 41, 0),
(178, 'آموزش تخصصی برای آمادگی آزمون تافل', 0, 0, 0, 0, 'نامعلوم', 'نامعلوم', 0, 9, 'نامعلوم', 41, 0),
(179, 'آموزش تخصصی و پیشرفته ارائه یک رزومه عالی جهت شرکت ها و صنایع', 0, 0, 0, 0, 'نامعلوم', 'نامعلوم', 0, 9, 'نامعلوم', 42, 0),
(182, 'آموزش تخصصی و پروژه محورجاوا(java)', 0, 0, 0, 0, '', '', 0, 1, '', 9, 0),
(183, 'آموزش تخصصی و پروژه محور وریلاگ(verilog)', 0, 0, 0, 0, '', '', 0, 1, '', 9, 0),
(189, 'آموزش جامع تحلیل بنیادی در بورس  ', 0, 0, 0, 0, '', '', 0, 9, '', 43, 0),
(192, 'دوره رایگان آموزش ورود به بازار بورس', 0, 0, 0, 0, 'نامعلوم', 'نامعلوم', 0, 9, '', 43, 0),
(193, 'دوره جامع آموزش تابلوخوانی در بازار بورس', 0, 0, 0, 0, '', '', 0, 1, 'نامعلوم', 43, 0),
(194, 'آموزش مقدماتی  تحلیل تکنیکال در بورس  ', 0, 0, 0, 0, '', 'نامعلوم', 0, 9, 'نامعلوم', 43, 0),
(195, 'آموزش تحلیل تکنیکال پیشرفته و جامع در بورس  ', 0, 0, 0, 0, '', 'نامعلوم', 0, 9, 'نامعلوم', 43, 0),
(196, 'آموزش جامع فیلترنویسی مقدماتی تا پیشرفته  در بورس  ', 0, 0, 0, 0, '', 'نامعلوم', 0, 9, 'نامعلوم', 1, 0),
(197, 'آموزش جامع امواج الیوت مقدماتی تا پیشرفته', 0, 0, 0, 0, '', 'نامعلوم', 0, 1, 'نامعلوم', 43, 0),
(198, 'آموزش درس  ژئوفیزیک با حل مثال‌ها و تمرینات  کاربردی با استفاده از  کتاب مرجع دانشگاه های معتبر', 0, 0, 0, 0, '', '', 0, 2, '', 16, 0),
(199, 'آموزش درس حفرچاه و فضاهای زیرزمینی با حل مثال‌ها و تمرینات  کاربردی با استفاده از  کتاب مرجع دانشگاه های معتبر', 0, 0, 0, 0, '', 'نامعلوم', 0, 2, 'نامعلوم', 16, 0);

-- --------------------------------------------------------

--
-- Table structure for table `courseExam`
--

CREATE TABLE `courseExam` (
  `id` int(20) NOT NULL,
  `name` varchar(50) CHARACTER SET utf8 COLLATE utf8_persian_ci NOT NULL,
  `type` int(20) NOT NULL
) ENGINE=InnoDB DEFAULT CHARSET=latin1;

--
-- Dumping data for table `courseExam`
--

INSERT INTO `courseExam` (`id`, `name`, `type`) VALUES
(1, 'ادبیات', 0),
(2, 'دینی', 0),
(3, 'عربی', 0),
(4, 'قرآن', 0),
(5, 'زبان', 0),
(6, 'ریاضیات', 0),
(7, 'زیست', 1),
(8, 'زمین شناسی', 1),
(9, 'فیزیک', 1),
(10, 'شیمی', 1),
(11, 'علوم و فنون ادبی', 1),
(12, 'تاریخ', 1),
(13, 'جغرافیا', 1),
(14, 'جامعه شناسی', 1),
(15, 'فلسفه و منطق', 1),
(16, 'روانشناسی', 1);

-- --------------------------------------------------------

--
-- Table structure for table `exam`
--

CREATE TABLE `exam` (
  `id` int(20) NOT NULL,
  `startDate` varchar(20) CHARACTER SET latin1 NOT NULL,
  `endDate` varchar(20) CHARACTER SET latin1 NOT NULL,
  `timeSpecialtyLesson` int(20) NOT NULL,
  `timeGeneralLesson` int(20) NOT NULL,
  `countQuestion` int(20) NOT NULL,
  `name` varchar(20) COLLATE utf8mb4_persian_ci NOT NULL,
  `idMajor_fk` int(20) NOT NULL
) ENGINE=InnoDB DEFAULT CHARSET=utf8mb4 COLLATE=utf8mb4_persian_ci;

--
-- Dumping data for table `exam`
--

INSERT INTO `exam` (`id`, `startDate`, `endDate`, `timeSpecialtyLesson`, `timeGeneralLesson`, `countQuestion`, `name`, `idMajor_fk`) VALUES
(3, '1399 / 9 / 10', '1399 / 9 / 30', 20, 140, 5, 'آزمون تست', 1);

-- --------------------------------------------------------

--
-- Table structure for table `grayesh`
--

CREATE TABLE `grayesh` (
  `id` int(20) NOT NULL,
  `name` varchar(70) CHARACTER SET utf8mb4 COLLATE utf8mb4_persian_ci NOT NULL
) ENGINE=InnoDB DEFAULT CHARSET=utf8 COLLATE=utf8_persian_ci;

--
-- Dumping data for table `grayesh`
--

INSERT INTO `grayesh` (`id`, `name`) VALUES
(0, 'ندارد'),
(1, 'اکتشاف'),
(2, 'استخراج'),
(3, 'مکانیک سنگ'),
(4, ' قدرت'),
(5, ' مخابرات'),
(6, ' کنترل'),
(7, ' الکترونیک');

-- --------------------------------------------------------

--
-- Table structure for table `groups`
--

CREATE TABLE `groups` (
  `id` int(20) NOT NULL,
  `name` varchar(100) COLLATE utf8_persian_ci NOT NULL,
  `describtion` varchar(1000) CHARACTER SET utf32 COLLATE utf32_persian_ci NOT NULL,
  `idTitle_fk` int(20) NOT NULL
) ENGINE=InnoDB DEFAULT CHARSET=utf8 COLLATE=utf8_persian_ci;

--
-- Dumping data for table `groups`
--

INSERT INTO `groups` (`id`, `name`, `describtion`, `idTitle_fk`) VALUES
(1, 'نیازمندی های بازار کار مهندسی', 'امروزه بازار کار رشته های مهندسی به دلیل قیمت بالای منابع و ادوات به شدت نیاز به مهندسان دارای متخصص داشته و این امر بخصوص در این رشته ها به علت عدم وجود متخصصان کاربلد و فقط دارای مدرک مهندسی بصورت یک رشته اشباع شده، مهندسی را در مدار قرار داده است. درحالیکه واقعیت امر چیز دیگری است و با چندین مصاحبه با افراد متخصص به نتایج مهمی دست یافته ایم که در قالب وبینارهای مختلف ارائه میگردند. بازار کار نیاز شدید به افراد متخصص دارد. صرفا با مدرک دانشگاهی نمیتوان جذب امور صنعتی شد و نیاز به تخصص‌های عملی نرم افزاری دارد. باید به این نکته توجه داشت که نیاز به دریافت مدارک فنی حرفه ای نبوده و فقط تخصص و کارکرد با نرم افزار مهم میباشد. با توجه به این نکات هیچ مهندسی که دارای تخصص نرم افزاری و صنعتی باشد بیکار نمانده و جذب میشود.', 1),
(2, 'خلاءهای موجود در دانشگاه', 'امروزه سیستم دانشگاهی رشته های مهندسی به علت عدم وجود ارتباط مناسب با صنعت دارای نواقص مهمی بوده و محدود بودن این مرکز آموزش به پاس شدن و ارائه مقاله و پایان نامه محدودیت های زیادی برای فارغ التحصیلان این رشته ها ایجاد کرده است و این عدم ارتباط بازار این رشته ها را برای افراد غیرمتخصص اشباع نموده و لذا با توجه به اینکه برگزاری دوره‌های صنعتی در رشته های مختلف در مراکز فنی حرفه ای و آموزشگاه ها نیازمند هزینه های گزاف حتی در حد چند میلیون می باشد ما در این موضوع با یک بررسی جامع درصدد ارائه آموزشهای پروژه محوری برای رشته های مختلف جهت ورود به بازار کار با توجه به جامعه آماری بالا و کاهش هزینه ها بر آمده ایم لذا از شما دوستان خواستاریم آموزش ها فقط از طریق سایت و با خرید قانونی مورد استفاده قرار گیرد تا بتوانیم دوره های کاربردی بیشتری برای شما مهندسان عزیز ارائه دهیم.', 1),
(4, 'راهکارهایی جهت بهبود بازارکار رشته های مهندسی ', 'ایجاد رابطه مستقیم از ترم های اخر با صنعت و اضافه کردن دروس عملی در صنایع مختلف<br>\r\nارائه مشکلات صنعتی به دانشگاه ها و حل توسط متخصصین و دانشجویان دانشگاه<br>\r\nحذف دروس بسیار عمومی و یا تلفیق واحدهای درسی تئوری و بجای آنها اضافه کردن دروس عملی<br>\r\nهمانند رشته های علوم پزشکی، رشته های مهندسی هم در آستانه ورود به صنعت قرار گرفته و ورودی این رشته ها کنترل گردد<br>\r\nحذف موضوعات خیلی قدیمی از کتب و ارائه موضوعات و معضلات جدید در صنعت در قالب واحدهای درسی و پایان نامه<br>\r\nبوجود آوردن دوره های آموزش نرم افزاری با دید پروژه محور در دانشگاه ها<br>', 1),
(5, 'آزمون های نظام مهندسی', 'آزمونهای نظام مهندسی یکی از آزمونهای جامع و راه ورود به بازارهای مهندسی بوده که البته نیاز به دانش نرم افزاری و تخصص در این خصوص را دارد این آزمونها بصورت دو بار در سال برگزار شده و آزمون از طرف سازمان سنجش بصورت کتاب باز ارائه میشود و هرساله سیل عظیمی از مهندسان را به حیطه های عملی مربوطه وارد میکند. لذا با توجه به این مباحث در صدد ارائه سمینارهایی جهت ارائه نوع و نحوه برگزاری آزمون در رشته های مختلف هستیم.', 1),
(6, 'رشته مهندسی معدن', '', 2),
(7, 'رشته مهندسی برق', '', 2),
(8, 'رشته مهندسی عمران', '', 2),
(9, 'رشته مهندسی کامپیوتر', '', 2),
(10, 'رشته مهندسی مکانیک', '', 2),
(11, 'رشته مهندسی صنایع', '', 2),
(12, 'رشته مهندسی مواد', '', 2),
(13, 'رشته حسابداری', '', 2),
(14, 'دروس عمومی رشته ها', '', 6),
(15, 'دروس تخصصی رشته برق', '', 6),
(16, 'دروس تخصصی رشته معدن', '', 6),
(17, 'دروس تخصصی رشته مکانیک', '', 6),
(18, 'دروس تخصصی رشته عمران', '', 6),
(19, 'دروس تخصصی رشته کامپیوتر', '', 6),
(20, 'دروس تخصصی رشته مهندسی صنایع', '', 6),
(21, 'دروس تخصصی رشته مهندسی مواد', '', 6),
(22, 'دروس تخصصی رشته حسابداری', '', 6),
(23, 'دروس تخصصی رشته معماری', '', 6),
(24, 'مقاله داخلی', '', 3),
(25, 'مقاله ISI', '', 3),
(26, 'پروپوزال نویسی', '', 3),
(27, 'پایان نامه کارشناسی', '', 3),
(28, 'پایان نامه ارشد', '', 3),
(29, 'همانندجویی مقالات', '', 3),
(30, 'رشته برق', '', 4),
(31, ' رشته معدن', '', 4),
(32, 'رشته عمران', '', 4),
(33, ' رشته کامپیوتر', '', 4),
(34, 'رشته مکانیک', '', 4),
(35, 'رشته صنایع', '', 4),
(36, 'رشته مواد', '', 4),
(37, 'رشته حسابداری', '', 4),
(38, 'دوره جامع آموزش Word', '', 5),
(39, 'دوره جامع آموزش Power Point', '', 5),
(40, 'دوره جامع آموزش فن بیان', '', 5),
(41, 'دوره جامع آزمون های تافل و آیلتس', '', 5),
(42, 'دوره جامع آموزش رزومه نویسی', '', 5),
(43, 'دوره آموزش جامع و پیشرفته بورس', '', 5);

-- --------------------------------------------------------

--
-- Table structure for table `loghistory`
--

CREATE TABLE `loghistory` (
  `id` int(20) NOT NULL,
  `date` varchar(20) COLLATE utf8mb4_persian_ci NOT NULL,
  `ip` varchar(20) COLLATE utf8mb4_persian_ci NOT NULL,
  `idPerson_fk` int(20) NOT NULL
) ENGINE=InnoDB DEFAULT CHARSET=utf8mb4 COLLATE=utf8mb4_persian_ci;

--
-- Dumping data for table `loghistory`
--

INSERT INTO `loghistory` (`id`, `date`, `ip`, `idPerson_fk`) VALUES
(9, '1399 / 8 / 21', '86.57.93.42', 1),
(10, '1399 / 8 / 22', '86.57.86.2', 1),
(11, '1399 / 8 / 22', '86.57.86.2', 1),
(12, '1399 / 8 / 22', '93.110.21.209', 1),
(13, '1399 / 8 / 22', '93.110.21.209', 1),
(14, '1399 / 8 / 22', '93.110.21.209', 1),
(15, '1399 / 8 / 22', '93.110.21.209', 1),
(16, '1399 / 8 / 22', '77.42.55.46', 9),
(17, '1399 / 8 / 22', '77.42.55.46', 9),
(18, '1399 / 8 / 22', '86.57.100.175', 1),
(19, '1399 / 8 / 22', '77.42.55.46', 9),
(20, '1399 / 8 / 22', '86.57.100.175', 1),
(21, '1399 / 8 / 22', '86.57.100.175', 1),
(22, '1399 / 8 / 22', '77.42.61.37', 9),
(23, '1399 / 8 / 23', '86.57.100.175', 1),
(24, '1399 / 8 / 23', '86.57.100.175', 1),
(25, '1399 / 8 / 23', '5.218.231.127', 1),
(26, '1399 / 8 / 23', '77.42.61.37', 9),
(27, '1399 / 8 / 23', '5.218.231.127', 1),
(28, '1399 / 8 / 23', '5.218.231.127', 1),
(29, '1399 / 8 / 23', '46.224.165.163', 9),
(30, '1399 / 8 / 23', '46.224.164.82', 9),
(31, '1399 / 8 / 23', '86.57.116.80', 1),
(32, '1399 / 8 / 23', '84.17.47.122', 1),
(33, '1399 / 8 / 23', '5.22.32.85', 1),
(34, '1399 / 8 / 23', '46.224.164.82', 9),
(35, '1399 / 8 / 23', '46.224.164.82', 9),
(36, '1399 / 8 / 23', '86.57.116.80', 1),
(37, '1399 / 8 / 23', '46.224.164.82', 9),
(38, '1399 / 8 / 24', '164.138.154.96', 1),
(39, '1399 / 8 / 24', '86.57.80.29', 1),
(40, '1399 / 8 / 24', '46.224.164.82', 9),
(41, '1399 / 8 / 24', '5.22.126.24', 1),
(42, '1399 / 8 / 24', '5.22.126.24', 1),
(43, '1399 / 8 / 24', '86.57.88.191', 1),
(44, '1399 / 8 / 24', '86.57.88.191', 1),
(45, '1399 / 8 / 24', '86.57.88.191', 1),
(46, '1399 / 8 / 24', '86.57.88.191', 1),
(47, '1399 / 8 / 24', '86.57.88.191', 1),
(48, '1399 / 8 / 25', '86.57.88.191', 1),
(49, '1399 / 8 / 25', '69.194.77.41', 1),
(50, '1399 / 8 / 25', '46.224.179.190', 9),
(51, '1399 / 8 / 25', '86.57.88.191', 1),
(52, '1399 / 8 / 25', '86.57.88.191', 1),
(53, '1399 / 8 / 25', '86.57.88.191', 1),
(54, '1399 / 8 / 25', '158.58.40.113', 1),
(55, '1399 / 8 / 25', '78.39.9.45', 17),
(56, '1399 / 8 / 25', '158.58.40.113', 1),
(57, '1399 / 8 / 26', '158.58.126.13', 1),
(58, '1399 / 8 / 26', '77.42.42.26', 9),
(59, '1399 / 8 / 26', '86.57.90.205', 1),
(60, '1399 / 8 / 26', '86.57.90.205', 1),
(61, '1399 / 8 / 26', '77.42.42.26', 9),
(62, '1399 / 8 / 26', '77.42.42.26', 9),
(63, '1399 / 8 / 26', '5.250.34.212', 1),
(64, '1399 / 8 / 26', '77.42.42.26', 9),
(65, '1399 / 8 / 27', '86.57.91.192', 1),
(66, '1399 / 8 / 27', '5.217.205.40', 1),
(67, '1399 / 8 / 27', '5.217.231.40', 1),
(68, '1399 / 8 / 27', '77.42.42.26', 9),
(69, '1399 / 8 / 27', '5.217.231.40', 1),
(70, '1399 / 8 / 27', '86.57.100.39', 1),
(71, '1399 / 8 / 27', '77.42.42.26', 9),
(72, '1399 / 8 / 27', '77.42.42.26', 9),
(73, '1399 / 8 / 27', '46.224.186.227', 9),
(74, '1399 / 8 / 28', '86.57.100.39', 1),
(75, '1399 / 8 / 28', '46.224.186.227', 9),
(76, '1399 / 8 / 28', '86.57.123.248', 1),
(77, '1399 / 8 / 28', '86.57.123.248', 1),
(78, '1399 / 8 / 28', '86.57.123.248', 1),
(79, '1399 / 8 / 28', '86.57.123.248', 1),
(80, '1399 / 8 / 28', '86.57.123.248', 1),
(81, '1399 / 8 / 28', '77.42.57.128', 9),
(82, '1399 / 8 / 28', '86.57.123.248', 1),
(83, '1399 / 8 / 28', '86.57.123.248', 1),
(84, '1399 / 8 / 28', '86.57.123.248', 1),
(85, '1399 / 8 / 29', '46.224.161.81', 9),
(86, '1399 / 8 / 29', '46.224.161.81', 9),
(87, '1399 / 8 / 29', '5.214.122.52', 1),
(88, '1399 / 8 / 29', '86.57.101.158', 1),
(89, '1399 / 8 / 30', '46.224.181.47', 9),
(90, '1399 / 9 / 1', '46.224.189.102', 9),
(91, '1399 / 9 / 1', '46.224.189.102', 9),
(92, '1399 / 9 / 2', '46.224.175.169', 9),
(93, '1399 / 9 / 2', '46.224.175.169', 9),
(94, '1399 / 9 / 2', '46.224.175.169', 9),
(95, '1399 / 9 / 3', '46.225.180.223', 9),
(96, '1399 / 9 / 3', '46.225.180.223', 9),
(97, '1399 / 9 / 3', '46.225.180.223', 9),
(98, '1399 / 9 / 3', '167.88.113.183', 18),
(99, '1399 / 9 / 10', '46.225.166.102', 9),
(100, '1399 / 9 / 12', '37.46.114.21', 9),
(101, '1399 / 9 / 13', '86.57.104.156', 1),
(102, '1399 / 9 / 13', '86.57.104.156', 1),
(103, '1399 / 9 / 14', '5.250.76.79', 1),
(104, '1399 / 9 / 14', '86.57.119.73', 1),
(105, '1399 / 9 / 14', '86.57.119.73', 1),
(106, '1399 / 9 / 15', '86.57.119.73', 1),
(107, '1399 / 9 / 15', '86.57.119.73', 1),
(108, '1399 / 9 / 15', '46.225.191.84', 9),
(109, '1399 / 9 / 16', '77.42.62.44', 9),
(110, '1399 / 9 / 18', '86.57.79.36', 1),
(111, '1399 / 9 / 18', '46.101.167.63', 9),
(112, '1399 / 9 / 18', '46.101.167.63', 9),
(113, '1399 / 9 / 19', '77.42.49.14', 9),
(114, '1399 / 9 / 19', '81.4.110.54', 9),
(115, '1399 / 9 / 19', '86.57.117.82', 1),
(116, '1399 / 9 / 20', '37.254.9.72', 1),
(117, '1399 / 9 / 21', '86.57.123.139', 19),
(118, '1399 / 9 / 21', '86.57.123.139', 19),
(119, '1399 / 9 / 21', '86.57.123.139', 1),
(120, '1399 / 9 / 21', '::1', 1),
(121, '1399 / 9 / 21', '::1', 1),
(122, '1399 / 9 / 21', '::1', 19),
(123, '1399 / 9 / 21', '::1', 1),
(124, '1399 / 9 / 21', '::1', 1),
(125, '1399 / 9 / 21', '86.57.123.139', 1),
(126, '1399 / 9 / 21', '86.57.123.139', 1),
(127, '1399 / 9 / 21', '86.57.123.139', 1),
(128, '1399 / 9 / 21', '86.57.123.139', 1),
(129, '1399 / 9 / 21', '37.120.158.3', 9),
(130, '1399 / 9 / 21', '86.57.123.139', 1),
(131, '1399 / 9 / 21', '86.57.123.139', 9),
(132, '1399 / 9 / 21', '86.57.123.139', 9),
(133, '1399 / 9 / 21', '86.57.123.139', 1),
(134, '1399 / 9 / 21', '86.57.123.139', 19),
(135, '1399 / 9 / 21', '86.57.123.139', 1),
(136, '1399 / 9 / 22', '46.225.166.25', 9),
(137, '1399 / 9 / 22', '37.120.158.3', 9),
(138, '1399 / 9 / 23', '86.57.66.220', 1),
(139, '1399 / 9 / 23', '86.57.73.251', 1),
(140, '1399 / 9 / 24', '86.57.73.251', 1);

-- --------------------------------------------------------

--
-- Table structure for table `major`
--

CREATE TABLE `major` (
  `id` int(20) NOT NULL,
  `name` varchar(20) COLLATE utf8_persian_ci NOT NULL
) ENGINE=InnoDB DEFAULT CHARSET=utf8 COLLATE=utf8_persian_ci;

--
-- Dumping data for table `major`
--

INSERT INTO `major` (`id`, `name`) VALUES
(1, 'مهندسی کامپبوتر'),
(2, 'مهندسی معدن'),
(3, 'مهندسی برق'),
(4, 'مهندسی عمران'),
(5, 'مهندسی مکانیک'),
(6, 'مهندسی صنایع'),
(7, 'مهندسی مواد'),
(8, 'حسابداری'),
(9, 'عمومی'),
(10, 'معماری'),
(11, 'تجربی'),
(12, 'ریاضی'),
(13, 'انسانی');

-- --------------------------------------------------------

--
-- Table structure for table `professor`
--

CREATE TABLE `professor` (
  `id` int(20) NOT NULL,
  `name` varchar(20) COLLATE utf8_persian_ci NOT NULL,
  `family` varchar(20) CHARACTER SET utf8mb4 COLLATE utf8mb4_persian_ci NOT NULL,
  `email` varchar(50) COLLATE utf8_persian_ci NOT NULL,
  `phone` varchar(15) COLLATE utf8_persian_ci NOT NULL,
  `cv` varchar(300) COLLATE utf8_persian_ci NOT NULL,
  `evidence` varchar(20) COLLATE utf8_persian_ci NOT NULL
) ENGINE=InnoDB DEFAULT CHARSET=utf8 COLLATE=utf8_persian_ci;

--
-- Dumping data for table `professor`
--

INSERT INTO `professor` (`id`, `name`, `family`, `email`, `phone`, `cv`, `evidence`) VALUES
(0, 'نامعلوم', 'نامعلوم', '', '', 'نامعلوم', 'نامعلوم'),
(1, 'مبین', 'آقاشاهی', '', '', 'دانشگاه صنعتی سیرجان', 'کارشناسی'),
(5, 'عمران', 'آقابابائیان', 'sw@s.com', '', '0', '0');

-- --------------------------------------------------------

--
-- Table structure for table `question`
--

CREATE TABLE `question` (
  `id` int(20) NOT NULL,
  `numberQuestion` int(20) NOT NULL,
  `correctAnswer` int(20) NOT NULL,
  `idExam_fk` int(20) NOT NULL,
  `idCourse_fk` int(20) NOT NULL
) ENGINE=InnoDB DEFAULT CHARSET=utf8mb4 COLLATE=utf8mb4_persian_ci;

-- --------------------------------------------------------

--
-- Table structure for table `searchs`
--

CREATE TABLE `searchs` (
  `id` int(20) NOT NULL,
  `text` varchar(100) COLLATE utf8_persian_ci NOT NULL,
  `date` varchar(20) COLLATE utf8_persian_ci NOT NULL,
  `ip` varchar(20) COLLATE utf8_persian_ci NOT NULL,
  `idPerson_fk` int(20) NOT NULL
) ENGINE=InnoDB DEFAULT CHARSET=utf8 COLLATE=utf8_persian_ci;

--
-- Dumping data for table `searchs`
--

INSERT INTO `searchs` (`id`, `text`, `date`, `ip`, `idPerson_fk`) VALUES
(238, '', '02:18:43am', '5.218.231.127', 0),
(239, 'متلب', '03:06:33am', '77.42.61.37', 0),
(240, 'متلب', '04:38:59pm', '5.22.32.85', 0),
(241, 'فاطمه', '11:12:01pm', '86.57.116.80', 1),
(242, 'فاطمه', '11:12:20pm', '86.57.116.80', 1),
(243, 'GIS', '09:44:28pm', '86.57.88.191', 1),
(244, 'gis', '09:44:32pm', '86.57.88.191', 1),
(245, 'Gis', '10:40:00pm', '78.39.9.45', 0),
(246, 'Gis', '11:57:49pm', '5.219.119.94', 17),
(247, 'Gis', '11:58:19pm', '5.219.119.94', 17),
(248, 'Gis', '03:17:01am', '86.57.66.220', 0),
(249, 'gis', '03:17:04am', '86.57.66.220', 0),
(250, 'GIS', '03:17:08am', '86.57.66.220', 0);

-- --------------------------------------------------------

--
-- Table structure for table `title`
--

CREATE TABLE `title` (
  `id` int(20) NOT NULL,
  `name` varchar(50) COLLATE utf8_persian_ci NOT NULL
) ENGINE=InnoDB DEFAULT CHARSET=utf8 COLLATE=utf8_persian_ci;

--
-- Dumping data for table `title`
--

INSERT INTO `title` (`id`, `name`) VALUES
(1, 'خانه'),
(2, 'آموزش تخصصی نرم افزار'),
(3, 'مقاله و پایان نامه نویسی'),
(4, 'دوره های حضوری و آنلاین'),
(5, 'دوره های عمومی'),
(6, 'آموزش دروس دانشگاه');

-- --------------------------------------------------------

--
-- Table structure for table `users`
--

CREATE TABLE `users` (
  `id` int(200) NOT NULL,
  `username` varchar(30) NOT NULL,
  `name` varchar(20) CHARACTER SET utf8mb4 COLLATE utf8mb4_persian_ci NOT NULL DEFAULT 'کاربر',
  `family` varchar(20) CHARACTER SET utf8mb4 COLLATE utf8mb4_persian_ci NOT NULL,
  `number` varchar(20) CHARACTER SET utf8mb4 COLLATE utf8mb4_persian_ci NOT NULL,
  `password` varchar(20) NOT NULL,
  `access` int(10) NOT NULL DEFAULT '0'
) ENGINE=InnoDB DEFAULT CHARSET=latin1;

--
-- Dumping data for table `users`
--

INSERT INTO `users` (`id`, `username`, `name`, `family`, `number`, `password`, `access`) VALUES
(0, 'Guest', 'مهمان', 'مهمان', 'مهمان', 'null', 0),
(1, 'mobinaghashahi13@gmail.com', 'مبین', 'آقاشاهی', '09132618917', '00981920', 1),
(4, 'Talagolzar@gmail.com', 'کاربر', '', '', 'Asd1234_@@', 0),
(5, 'a@a.com', 'کاربر', '', '', '456123789', 0),
(6, 'hassanpsk@gmail.com', 'کاربر', '', '', '11111111', 0),
(7, 'ida.jahansha@gmail.com', 'کاربر', '', '', '09120327495', 0),
(8, 'reyhane.vaziri@aut.ac.ir', 'کاربر', '', '', 'mobinmobin', 0),
(9, 'danyel.bagheri3113@gmail.com', 'دانیال', 'باقری', '09129231997', '6770016842', 1),
(10, 'h@h', 'کاربر', '', '', '12345678', 0),
(11, 'j@gmail.com', 'مبین', '', '', '00981920', 0),
(13, '09132616941', 'محمد مهدی', 'رضاپور', '', '00981920', 0),
(14, 'aw@s', 'متین', 'رضاپور', '112', '00981920', 0),
(15, 'aeee@ss', '', 'کیوان', '0913548798', '00981920', 0),
(17, 'hassanpsk2@gmail.com', 'Hassan', 'Kmr', '2044', '20442044', 0),
(18, 'alirezabarghi97@gmail.com', 'علیرضا', 'برقی', '۰۹۱۹۲۷۲۸۲۸۷', 'alireza97', 0),
(19, 'melikaamjad81@gmail.com', 'Melika', 'Amjadi', '09333136251', '0110166043', 0);

-- --------------------------------------------------------

--
-- Table structure for table `viwe`
--

CREATE TABLE `viwe` (
  `id` int(20) NOT NULL,
  `date` varchar(20) COLLATE utf8mb4_persian_ci NOT NULL,
  `clock` varchar(20) COLLATE utf8mb4_persian_ci NOT NULL,
  `ip` varchar(20) COLLATE utf8mb4_persian_ci NOT NULL,
  `idPerson_fk` int(20) NOT NULL
) ENGINE=InnoDB DEFAULT CHARSET=utf8mb4 COLLATE=utf8mb4_persian_ci;

--
-- Dumping data for table `viwe`
--

INSERT INTO `viwe` (`id`, `date`, `clock`, `ip`, `idPerson_fk`) VALUES
(1, '', '', '', 1),
(2, '1399 / 8 / 24', '07:59:29pm', '', 0),
(3, '1399 / 8 / 24', '08:00:24pm', '', 0),
(4, '1399 / 8 / 24', '08:30:02pm', '::1', 0),
(5, '1399 / 8 / 24', '08:30:10pm', '::1', 0),
(6, '1399 / 8 / 24', '08:30:41pm', '::1', 0),
(7, '1399 / 8 / 24', '08:30:43pm', '::1', 0),
(8, '1399 / 8 / 24', '08:52:48pm', '::1', 0),
(9, '1399 / 8 / 24', '08:53:22pm', '::1', 0),
(10, '1399 / 8 / 24', '08:53:23pm', '::1', 0),
(11, '1399 / 8 / 24', '08:53:23pm', '::1', 0),
(12, '1399 / 8 / 24', '08:53:26pm', '::1', 0),
(13, '1399 / 8 / 24', '08:53:31pm', '::1', 0),
(14, '1399 / 8 / 24', '08:54:30pm', '::1', 0),
(15, '1399 / 8 / 24', '08:54:38pm', '::1', 0),
(16, '1399 / 8 / 25', '06:29:10pm', '::1', 0),
(17, '1399 / 8 / 25', '06:36:43pm', '::1', 0),
(18, '1399 / 8 / 25', '06:36:53pm', '::1', 0),
(19, '1399 / 8 / 25', '06:37:19pm', '::1', 0),
(20, '1399 / 8 / 25', '06:37:23pm', '::1', 0),
(21, '1399 / 8 / 25', '06:38:02pm', '::1', 0),
(22, '1399 / 8 / 25', '06:38:53pm', '::1', 1),
(23, '1399 / 8 / 25', '07:35:19pm', '86.57.88.191', 0),
(24, '1399 / 8 / 25', '07:41:00pm', '86.57.88.191', 1),
(25, '1399 / 8 / 25', '07:45:55pm', '77.42.57.150', 0),
(26, '1399 / 8 / 25', '08:04:59pm', '5.218.229.137', 0),
(27, '1399 / 8 / 25', '09:30:43pm', '158.58.40.113', 0),
(28, '1399 / 8 / 25', '09:30:47pm', '158.58.40.113', 1),
(29, '1399 / 8 / 25', '09:39:11pm', '104.249.46.100', 0),
(30, '1399 / 8 / 25', '10:12:07pm', '77.42.39.197', 0),
(31, '1399 / 8 / 25', '10:24:11pm', '5.218.135.160', 0),
(32, '1399 / 8 / 25', '10:24:35pm', '78.39.9.45', 0),
(33, '1399 / 8 / 25', '10:41:27pm', '78.39.9.45', 17),
(34, '1399 / 8 / 25', '11:55:17pm', '86.57.90.205', 1),
(35, '1399 / 8 / 25', '11:57:41pm', '5.219.119.94', 17),
(36, '1399 / 8 / 26', '12:06:57am', '86.57.90.205', 1),
(37, '1399 / 8 / 26', '12:08:04am', '158.58.40.113', 0),
(38, '1399 / 8 / 26', '12:26:13am', '193.176.84.3', 1),
(39, '1399 / 8 / 26', '12:34:49am', '86.57.90.205', 0),
(40, '1399 / 8 / 26', '01:45:25am', '84.17.47.122', 1),
(41, '1399 / 8 / 26', '02:25:33am', '158.58.126.13', 0),
(42, '1399 / 8 / 26', '03:15:29am', '158.58.126.13', 1),
(43, '1399 / 8 / 26', '10:19:01am', '77.42.42.26', 0),
(44, '1399 / 8 / 26', '10:19:29am', '77.42.42.26', 9),
(45, '1399 / 8 / 26', '01:40:27pm', '5.217.170.199', 0),
(46, '1399 / 8 / 26', '03:19:37pm', '86.57.69.145', 1),
(47, '1399 / 8 / 26', '04:35:26pm', '5.250.34.212', 0),
(48, '1399 / 8 / 26', '05:14:53pm', '86.57.69.145', 0),
(49, '1399 / 8 / 26', '08:10:45pm', '5.250.34.212', 1),
(50, '1399 / 8 / 27', '12:05:58am', '86.57.91.192', 0),
(51, '1399 / 8 / 27', '12:09:03am', '86.57.91.192', 1),
(52, '1399 / 8 / 27', '12:11:01am', '72.53.212.10', 0),
(53, '1399 / 8 / 27', '01:06:34am', '84.17.47.122', 0),
(54, '1399 / 8 / 27', '03:16:29am', '5.217.205.40', 0),
(55, '1399 / 8 / 27', '03:16:38am', '5.217.205.40', 1),
(56, '1399 / 8 / 27', '08:46:19am', '34.209.36.97', 0),
(57, '1399 / 8 / 27', '10:03:00am', '5.217.231.40', 0),
(58, '1399 / 8 / 27', '10:03:10am', '5.217.231.40', 1),
(59, '1399 / 8 / 27', '10:07:56am', '77.42.42.26', 0),
(60, '1399 / 8 / 27', '10:09:26am', '77.42.42.26', 9),
(61, '1399 / 8 / 27', '12:56:19pm', '86.57.100.39', 0),
(62, '1399 / 8 / 27', '12:56:23pm', '86.57.100.39', 1),
(63, '1399 / 8 / 27', '04:25:13pm', '46.224.186.227', 9),
(64, '1399 / 8 / 27', '07:51:21pm', '46.224.186.227', 0),
(65, '1399 / 8 / 27', '10:15:26pm', '31.56.113.42', 0),
(66, '1399 / 8 / 28', '01:07:02am', '86.57.100.39', 0),
(67, '1399 / 8 / 28', '01:07:14am', '86.57.100.39', 1),
(68, '1399 / 8 / 28', '01:43:27am', '46.224.186.227', 0),
(69, '1399 / 8 / 28', '01:43:35am', '46.224.186.227', 9),
(70, '1399 / 8 / 28', '02:02:35am', '77.42.57.128', 9),
(71, '1399 / 8 / 28', '10:16:17am', '86.57.123.248', 0),
(72, '1399 / 8 / 28', '10:16:28am', '86.57.123.248', 1),
(73, '1399 / 8 / 28', '01:25:48pm', '77.42.57.128', 0),
(74, '1399 / 8 / 28', '02:27:55pm', '185.8.172.10', 0),
(75, '1399 / 8 / 28', '03:11:00pm', '31.13.115.118', 0),
(76, '1399 / 8 / 28', '03:11:00pm', '31.13.115.14', 0),
(77, '1399 / 8 / 28', '03:21:31pm', '62.220.118.92', 0),
(78, '1399 / 8 / 28', '04:56:21pm', '5.218.60.28', 0),
(79, '1399 / 8 / 28', '06:03:19pm', '46.224.161.81', 9),
(80, '1399 / 8 / 28', '10:06:09pm', '46.224.161.81', 0),
(81, '1399 / 8 / 29', '01:47:23am', '46.224.161.81', 0),
(82, '1399 / 8 / 29', '01:47:34am', '46.224.161.81', 9),
(83, '1399 / 8 / 29', '12:21:29pm', '5.214.122.52', 0),
(84, '1399 / 8 / 29', '12:21:40pm', '5.214.122.52', 1),
(85, '1399 / 8 / 29', '04:49:22pm', '85.9.67.154', 0),
(86, '1399 / 8 / 29', '05:35:52pm', '51.159.185.112', 0),
(87, '1399 / 8 / 29', '08:07:27pm', '86.57.101.158', 0),
(88, '1399 / 8 / 29', '08:07:31pm', '86.57.101.158', 1),
(89, '1399 / 8 / 30', '02:13:13am', '86.57.101.158', 0),
(90, '1399 / 8 / 30', '10:48:40am', '5.211.13.129', 0),
(91, '1399 / 8 / 30', '04:46:49pm', '86.57.90.213', 0),
(92, '1399 / 8 / 30', '07:41:25pm', '46.224.181.47', 0),
(93, '1399 / 8 / 30', '07:45:14pm', '46.224.181.47', 9),
(94, '1399 / 9 / 1', '09:49:17am', '46.224.189.102', 0),
(95, '1399 / 9 / 1', '09:49:47am', '46.224.189.102', 9),
(96, '1399 / 9 / 1', '05:54:29pm', '173.252.87.13', 0),
(97, '1399 / 9 / 2', '09:57:33am', '66.220.149.26', 0),
(98, '1399 / 9 / 2', '09:57:34am', '66.220.149.13', 0),
(99, '1399 / 9 / 2', '12:19:16pm', '45.132.169.177', 0),
(100, '1399 / 9 / 2', '12:32:07pm', '66.249.75.160', 0),
(101, '1399 / 9 / 2', '08:14:56pm', '46.224.175.169', 0),
(102, '1399 / 9 / 2', '08:15:07pm', '46.224.175.169', 9),
(103, '1399 / 9 / 3', '05:05:05pm', '5.112.49.228', 0),
(104, '1399 / 9 / 3', '05:17:15pm', '46.225.180.223', 0),
(105, '1399 / 9 / 3', '05:17:25pm', '46.225.180.223', 9),
(106, '1399 / 9 / 3', '07:05:04pm', '31.13.127.119', 0),
(107, '1399 / 9 / 3', '10:40:26pm', '167.88.113.183', 0),
(108, '1399 / 9 / 3', '10:53:01pm', '167.88.113.183', 18),
(109, '1399 / 9 / 4', '06:19:50am', '66.249.65.145', 0),
(110, '1399 / 9 / 4', '01:35:21pm', '69.171.251.35', 0),
(111, '1399 / 9 / 4', '04:56:33pm', '173.252.87.3', 0),
(112, '1399 / 9 / 5', '02:12:24am', '66.249.75.163', 0),
(113, '1399 / 9 / 5', '02:33:29am', '66.249.75.167', 0),
(114, '1399 / 9 / 5', '12:48:08pm', '66.220.149.6', 0),
(115, '1399 / 9 / 5', '01:51:09pm', '5.215.203.63', 0),
(116, '1399 / 9 / 5', '05:59:00pm', '31.13.115.20', 0),
(117, '1399 / 9 / 5', '08:04:23pm', '66.249.93.54', 0),
(118, '1399 / 9 / 5', '11:42:13pm', '18.236.248.45', 0),
(119, '1399 / 9 / 6', '11:27:38am', '5.127.53.189', 0),
(120, '1399 / 9 / 6', '12:24:40pm', '2.185.119.159', 0),
(121, '1399 / 9 / 6', '12:33:56pm', '173.252.95.15', 0),
(122, '1399 / 9 / 7', '08:20:17pm', '138.201.70.66', 0),
(123, '1399 / 9 / 7', '10:28:25pm', '18.184.57.83', 0),
(124, '1399 / 9 / 7', '11:00:04pm', '66.220.149.22', 0),
(125, '1399 / 9 / 8', '02:02:58am', '66.249.75.160', 0),
(126, '1399 / 9 / 8', '09:17:16am', '5.239.17.152', 0),
(127, '1399 / 9 / 8', '12:28:26pm', '209.17.97.34', 0),
(128, '1399 / 9 / 9', '08:46:41pm', '173.252.127.2', 0),
(129, '1399 / 9 / 9', '11:33:56pm', '185.177.229.69', 0),
(130, '1399 / 9 / 10', '01:02:43am', '46.225.166.102', 0),
(131, '1399 / 9 / 10', '01:02:48am', '46.225.166.102', 9),
(132, '1399 / 9 / 10', '05:46:46am', '173.252.127.17', 0),
(133, '1399 / 9 / 10', '08:21:50am', '198.96.37.6', 0),
(134, '1399 / 9 / 10', '03:34:26pm', '173.252.95.12', 0),
(135, '1399 / 9 / 10', '07:09:48pm', '45.132.169.44', 0),
(136, '1399 / 9 / 10', '08:04:09pm', '66.220.149.116', 0),
(137, '1399 / 9 / 10', '08:12:03pm', '66.220.149.2', 0),
(138, '1399 / 9 / 11', '06:58:28am', '34.217.148.21', 0),
(139, '1399 / 9 / 11', '01:56:47pm', '173.252.79.12', 0),
(140, '1399 / 9 / 11', '01:56:48pm', '173.252.79.116', 0),
(141, '1399 / 9 / 11', '01:56:54pm', '173.252.79.17', 0),
(142, '1399 / 9 / 11', '01:56:54pm', '173.252.79.8', 0),
(143, '1399 / 9 / 12', '11:02:26am', '173.252.79.113', 0),
(144, '1399 / 9 / 12', '11:02:26am', '173.252.79.11', 0),
(145, '1399 / 9 / 12', '02:22:36pm', '173.252.79.120', 0),
(146, '1399 / 9 / 12', '02:22:37pm', '173.252.79.20', 0),
(147, '1399 / 9 / 12', '02:22:38pm', '173.252.79.111', 0),
(148, '1399 / 9 / 12', '04:44:52pm', '173.252.127.18', 0),
(149, '1399 / 9 / 12', '10:53:44pm', '37.46.114.21', 0),
(150, '1399 / 9 / 12', '10:54:03pm', '37.46.114.21', 9),
(151, '1399 / 9 / 13', '01:36:38pm', '86.57.104.156', 0),
(152, '1399 / 9 / 13', '01:36:50pm', '86.57.104.156', 1),
(153, '1399 / 9 / 13', '05:19:11pm', '104.37.31.230', 1),
(154, '1399 / 9 / 13', '10:58:11pm', '31.56.171.215', 0),
(155, '1399 / 9 / 14', '07:26:04am', '5.250.76.79', 0),
(156, '1399 / 9 / 14', '07:26:09am', '5.250.76.79', 1),
(157, '1399 / 9 / 14', '12:18:20pm', '86.57.119.73', 0),
(158, '1399 / 9 / 14', '12:18:28pm', '86.57.119.73', 1),
(159, '1399 / 9 / 15', '07:43:38am', '5.120.123.182', 0),
(160, '1399 / 9 / 15', '12:51:20pm', '173.252.87.2', 0),
(161, '1399 / 9 / 15', '06:47:07pm', '86.57.119.73', 0),
(162, '1399 / 9 / 15', '06:47:16pm', '86.57.119.73', 1),
(163, '1399 / 9 / 15', '08:49:52pm', '173.252.87.13', 0),
(164, '1399 / 9 / 15', '08:49:52pm', '173.252.87.20', 0),
(165, '1399 / 9 / 15', '08:49:52pm', '173.252.87.18', 0),
(166, '1399 / 9 / 15', '10:49:34pm', '46.225.191.84', 0),
(167, '1399 / 9 / 15', '10:49:41pm', '46.225.191.84', 9),
(168, '1399 / 9 / 16', '10:16:30am', '46.225.163.130', 0),
(169, '1399 / 9 / 16', '10:44:10am', '78.39.88.206', 0),
(170, '1399 / 9 / 16', '12:19:18pm', '193.176.84.29', 0),
(171, '1399 / 9 / 16', '03:00:25pm', '77.42.62.44', 0),
(172, '1399 / 9 / 16', '03:00:38pm', '77.42.62.44', 9),
(173, '1399 / 9 / 16', '08:59:24pm', '173.252.79.13', 0),
(174, '1399 / 9 / 16', '08:59:24pm', '173.252.79.119', 0),
(175, '1399 / 9 / 16', '09:58:34pm', '86.57.82.122', 0),
(176, '1399 / 9 / 17', '12:51:38am', '5.125.21.219', 0),
(177, '1399 / 9 / 17', '01:02:11am', '93.118.174.154', 0),
(178, '1399 / 9 / 17', '01:09:53am', '2.180.103.132', 0),
(179, '1399 / 9 / 17', '01:19:14am', '151.233.234.5', 0),
(180, '1399 / 9 / 17', '01:56:53am', '66.220.149.111', 0),
(181, '1399 / 9 / 17', '09:18:54am', '66.249.65.141', 0),
(182, '1399 / 9 / 17', '11:29:11am', '181.215.145.124', 0),
(183, '1399 / 9 / 17', '12:37:26pm', '86.57.70.131', 0),
(184, '1399 / 9 / 17', '12:48:51pm', '173.252.79.10', 0),
(185, '1399 / 9 / 17', '12:48:52pm', '173.252.79.13', 0),
(186, '1399 / 9 / 17', '08:33:06pm', '173.252.79.19', 0),
(187, '1399 / 9 / 17', '08:33:06pm', '173.252.79.14', 0),
(188, '1399 / 9 / 17', '09:13:04pm', '83.123.171.223', 0),
(189, '1399 / 9 / 18', '12:17:58am', '46.245.121.27', 0),
(190, '1399 / 9 / 18', '01:07:25am', '173.252.87.111', 0),
(191, '1399 / 9 / 18', '01:07:28am', '173.252.87.112', 0),
(192, '1399 / 9 / 18', '10:48:10am', '52.13.1.242', 0),
(193, '1399 / 9 / 18', '01:07:14pm', '86.57.79.36', 0),
(194, '1399 / 9 / 18', '02:09:11pm', '5.120.117.71', 0),
(195, '1399 / 9 / 18', '05:40:39pm', '86.57.79.36', 1),
(196, '1399 / 9 / 18', '09:22:17pm', '173.252.127.2', 0),
(197, '1399 / 9 / 18', '10:51:43pm', '46.101.167.63', 0),
(198, '1399 / 9 / 18', '10:52:47pm', '46.101.167.63', 9),
(199, '1399 / 9 / 19', '12:46:44am', '38.131.154.86', 0),
(200, '1399 / 9 / 19', '09:59:47am', '77.42.49.14', 0),
(201, '1399 / 9 / 19', '09:59:58am', '77.42.49.14', 9),
(202, '1399 / 9 / 19', '10:06:12am', '66.220.149.35', 0),
(203, '1399 / 9 / 19', '11:51:40am', '81.4.110.54', 0),
(204, '1399 / 9 / 19', '11:51:54am', '81.4.110.54', 9),
(205, '1399 / 9 / 19', '06:49:35pm', '5.119.153.153', 0),
(206, '1399 / 9 / 19', '08:05:49pm', '52.27.100.16', 0),
(207, '1399 / 9 / 19', '09:36:24pm', '84.17.47.122', 0),
(208, '1399 / 9 / 19', '09:36:57pm', '86.57.117.82', 0),
(209, '1399 / 9 / 19', '09:37:00pm', '86.57.117.82', 1),
(210, '1399 / 9 / 19', '11:53:22pm', '173.252.95.33', 0),
(211, '1399 / 9 / 19', '11:53:25pm', '173.252.95.30', 0),
(212, '1399 / 9 / 19', '11:53:38pm', '5.126.99.235', 0),
(213, '1399 / 9 / 19', '11:53:57pm', '46.225.179.185', 0),
(214, '1399 / 9 / 20', '08:57:08am', '66.220.149.26', 0),
(215, '1399 / 9 / 20', '12:16:56pm', '185.2.139.214', 0),
(216, '1399 / 9 / 20', '12:55:17pm', '66.249.75.163', 0),
(217, '1399 / 9 / 20', '01:22:40pm', '188.211.37.30', 0),
(218, '1399 / 9 / 20', '01:26:56pm', '86.57.69.40', 0),
(219, '1399 / 9 / 20', '02:05:33pm', '74.82.60.196', 0),
(220, '1399 / 9 / 20', '05:08:46pm', '173.252.127.31', 0),
(221, '1399 / 9 / 20', '06:08:42pm', '37.129.230.20', 0),
(222, '1399 / 9 / 20', '06:18:11pm', '69.171.251.9', 0),
(223, '1399 / 9 / 20', '08:07:14pm', '37.254.9.72', 0),
(224, '1399 / 9 / 20', '08:08:00pm', '37.254.9.72', 1),
(225, '1399 / 9 / 21', '12:12:44am', '86.57.123.139', 0),
(226, '1399 / 9 / 21', '01:13:25am', '86.57.123.139', 19),
(227, '1399 / 9 / 21', '01:15:56am', '86.57.123.139', 1),
(228, '1399 / 9 / 21', '02:23:23am', '::1', 0),
(229, '1399 / 9 / 21', '02:23:25am', '::1', 1),
(230, '1399 / 9 / 21', '04:43:35am', '::1', 19),
(231, '1399 / 9 / 21', '05:06:40pm', '45.130.176.170', 0),
(232, '1399 / 9 / 21', '05:13:12pm', '37.120.158.3', 0),
(233, '1399 / 9 / 21', '05:13:45pm', '37.120.158.3', 9),
(234, '1399 / 9 / 21', '05:15:38pm', '86.57.123.139', 9),
(235, '1399 / 9 / 21', '05:34:12pm', '64.246.165.50', 0),
(236, '1399 / 9 / 21', '07:35:02pm', '69.171.251.10', 0),
(237, '1399 / 9 / 22', '12:37:54am', '86.57.123.139', 1),
(238, '1399 / 9 / 22', '12:51:53am', '86.57.123.139', 0),
(239, '1399 / 9 / 22', '02:50:39am', '89.238.177.131', 0),
(240, '1399 / 9 / 22', '10:15:20am', '46.225.166.25', 0),
(241, '1399 / 9 / 22', '10:15:35am', '46.225.166.25', 9),
(242, '1399 / 9 / 22', '08:43:00pm', '37.120.158.3', 0),
(243, '1399 / 9 / 22', '08:43:08pm', '37.120.158.3', 9),
(244, '1399 / 9 / 22', '08:47:05pm', '88.202.231.188', 9),
(245, '1399 / 9 / 22', '11:31:24pm', '66.220.149.112', 0),
(246, '1399 / 9 / 22', '11:31:25pm', '66.220.149.1', 0),
(247, '1399 / 9 / 23', '03:14:57am', '86.57.66.220', 0),
(248, '1399 / 9 / 23', '06:14:54pm', '5.211.226.178', 0),
(249, '1399 / 9 / 23', '06:16:21pm', '86.57.66.220', 1),
(250, '1399 / 9 / 23', '09:10:16pm', '86.57.73.251', 1),
(251, '1399 / 9 / 23', '11:46:52pm', '86.57.73.251', 0),
(252, '1399 / 9 / 24', '12:06:57am', '86.57.73.251', 1),
(253, '1399 / 9 / 24', '12:35:58am', '86.57.73.251', 0);

--
-- Indexes for dumped tables
--

--
-- Indexes for table `buy`
--
ALTER TABLE `buy`
  ADD PRIMARY KEY (`id`),
  ADD KEY `idCourse_fk` (`idCourse_fk`),
  ADD KEY `idPerson_fk` (`idPerson_fk`);

--
-- Indexes for table `buyexam`
--
ALTER TABLE `buyexam`
  ADD PRIMARY KEY (`id`),
  ADD KEY `idExam_fk` (`idExam_fk`),
  ADD KEY `idPerson_fk` (`idPerson_fk`);

--
-- Indexes for table `course`
--
ALTER TABLE `course`
  ADD PRIMARY KEY (`id`),
  ADD KEY `idGroup_fk` (`idGroup_fk`),
  ADD KEY `idMajor_fk` (`idMajor_fk`),
  ADD KEY `idProfessor_fk` (`idProfessor_fk`),
  ADD KEY `idGrayesh_fk` (`idGrayesh_fk`);

--
-- Indexes for table `courseExam`
--
ALTER TABLE `courseExam`
  ADD PRIMARY KEY (`id`);

--
-- Indexes for table `exam`
--
ALTER TABLE `exam`
  ADD PRIMARY KEY (`id`),
  ADD KEY `idMajor_fk` (`idMajor_fk`);

--
-- Indexes for table `grayesh`
--
ALTER TABLE `grayesh`
  ADD PRIMARY KEY (`id`);

--
-- Indexes for table `groups`
--
ALTER TABLE `groups`
  ADD PRIMARY KEY (`id`),
  ADD KEY `idTitle_fk` (`idTitle_fk`);

--
-- Indexes for table `loghistory`
--
ALTER TABLE `loghistory`
  ADD PRIMARY KEY (`id`),
  ADD KEY `idPerson_fk` (`idPerson_fk`);

--
-- Indexes for table `major`
--
ALTER TABLE `major`
  ADD PRIMARY KEY (`id`);

--
-- Indexes for table `professor`
--
ALTER TABLE `professor`
  ADD PRIMARY KEY (`id`);

--
-- Indexes for table `question`
--
ALTER TABLE `question`
  ADD PRIMARY KEY (`id`),
  ADD KEY `idExam_fk` (`idExam_fk`),
  ADD KEY `idCourse_fk` (`idCourse_fk`);

--
-- Indexes for table `searchs`
--
ALTER TABLE `searchs`
  ADD PRIMARY KEY (`id`),
  ADD KEY `idPerson_fk` (`idPerson_fk`);

--
-- Indexes for table `title`
--
ALTER TABLE `title`
  ADD PRIMARY KEY (`id`);

--
-- Indexes for table `users`
--
ALTER TABLE `users`
  ADD PRIMARY KEY (`id`,`username`);

--
-- Indexes for table `viwe`
--
ALTER TABLE `viwe`
  ADD PRIMARY KEY (`id`),
  ADD KEY `idPerson_fk` (`idPerson_fk`);

--
-- AUTO_INCREMENT for dumped tables
--

--
-- AUTO_INCREMENT for table `buy`
--
ALTER TABLE `buy`
  MODIFY `id` int(20) NOT NULL AUTO_INCREMENT, AUTO_INCREMENT=29;

--
-- AUTO_INCREMENT for table `buyexam`
--
ALTER TABLE `buyexam`
  MODIFY `id` int(20) NOT NULL AUTO_INCREMENT, AUTO_INCREMENT=2;

--
-- AUTO_INCREMENT for table `course`
--
ALTER TABLE `course`
  MODIFY `id` int(20) NOT NULL AUTO_INCREMENT, AUTO_INCREMENT=201;

--
-- AUTO_INCREMENT for table `courseExam`
--
ALTER TABLE `courseExam`
  MODIFY `id` int(20) NOT NULL AUTO_INCREMENT, AUTO_INCREMENT=18;

--
-- AUTO_INCREMENT for table `exam`
--
ALTER TABLE `exam`
  MODIFY `id` int(20) NOT NULL AUTO_INCREMENT, AUTO_INCREMENT=4;

--
-- AUTO_INCREMENT for table `grayesh`
--
ALTER TABLE `grayesh`
  MODIFY `id` int(20) NOT NULL AUTO_INCREMENT, AUTO_INCREMENT=9;

--
-- AUTO_INCREMENT for table `groups`
--
ALTER TABLE `groups`
  MODIFY `id` int(20) NOT NULL AUTO_INCREMENT, AUTO_INCREMENT=44;

--
-- AUTO_INCREMENT for table `loghistory`
--
ALTER TABLE `loghistory`
  MODIFY `id` int(20) NOT NULL AUTO_INCREMENT, AUTO_INCREMENT=141;

--
-- AUTO_INCREMENT for table `major`
--
ALTER TABLE `major`
  MODIFY `id` int(20) NOT NULL AUTO_INCREMENT, AUTO_INCREMENT=14;

--
-- AUTO_INCREMENT for table `professor`
--
ALTER TABLE `professor`
  MODIFY `id` int(20) NOT NULL AUTO_INCREMENT, AUTO_INCREMENT=7;

--
-- AUTO_INCREMENT for table `question`
--
ALTER TABLE `question`
  MODIFY `id` int(20) NOT NULL AUTO_INCREMENT, AUTO_INCREMENT=11;

--
-- AUTO_INCREMENT for table `searchs`
--
ALTER TABLE `searchs`
  MODIFY `id` int(20) NOT NULL AUTO_INCREMENT, AUTO_INCREMENT=251;

--
-- AUTO_INCREMENT for table `title`
--
ALTER TABLE `title`
  MODIFY `id` int(20) NOT NULL AUTO_INCREMENT, AUTO_INCREMENT=7;

--
-- AUTO_INCREMENT for table `users`
--
ALTER TABLE `users`
  MODIFY `id` int(200) NOT NULL AUTO_INCREMENT, AUTO_INCREMENT=20;

--
-- AUTO_INCREMENT for table `viwe`
--
ALTER TABLE `viwe`
  MODIFY `id` int(20) NOT NULL AUTO_INCREMENT, AUTO_INCREMENT=254;

--
-- Constraints for dumped tables
--

--
-- Constraints for table `buy`
--
ALTER TABLE `buy`
  ADD CONSTRAINT `buy_ibfk_1` FOREIGN KEY (`idCourse_fk`) REFERENCES `course` (`id`) ON DELETE CASCADE ON UPDATE CASCADE,
  ADD CONSTRAINT `buy_ibfk_2` FOREIGN KEY (`idPerson_fk`) REFERENCES `users` (`id`) ON DELETE CASCADE ON UPDATE CASCADE;

--
-- Constraints for table `buyexam`
--
ALTER TABLE `buyexam`
  ADD CONSTRAINT `buyExam_ibfk_1` FOREIGN KEY (`idExam_fk`) REFERENCES `exam` (`id`) ON DELETE CASCADE ON UPDATE CASCADE,
  ADD CONSTRAINT `buyExam_ibfk_2` FOREIGN KEY (`idPerson_fk`) REFERENCES `users` (`id`) ON DELETE CASCADE ON UPDATE CASCADE;

--
-- Constraints for table `course`
--
ALTER TABLE `course`
  ADD CONSTRAINT `course_ibfk_1` FOREIGN KEY (`idGroup_fk`) REFERENCES `groups` (`id`) ON DELETE CASCADE ON UPDATE CASCADE,
  ADD CONSTRAINT `course_ibfk_2` FOREIGN KEY (`idMajor_fk`) REFERENCES `major` (`id`) ON DELETE CASCADE ON UPDATE CASCADE,
  ADD CONSTRAINT `course_ibfk_3` FOREIGN KEY (`idProfessor_fk`) REFERENCES `professor` (`id`) ON DELETE CASCADE ON UPDATE CASCADE,
  ADD CONSTRAINT `course_ibfk_4` FOREIGN KEY (`idGrayesh_fk`) REFERENCES `grayesh` (`id`) ON DELETE CASCADE ON UPDATE CASCADE;

--
-- Constraints for table `exam`
--
ALTER TABLE `exam`
  ADD CONSTRAINT `exam_ibfk_1` FOREIGN KEY (`idMajor_fk`) REFERENCES `major` (`id`) ON DELETE CASCADE ON UPDATE CASCADE;

--
-- Constraints for table `groups`
--
ALTER TABLE `groups`
  ADD CONSTRAINT `groups_ibfk_1` FOREIGN KEY (`idTitle_fk`) REFERENCES `title` (`id`) ON DELETE CASCADE ON UPDATE CASCADE;

--
-- Constraints for table `loghistory`
--
ALTER TABLE `loghistory`
  ADD CONSTRAINT `loghistory_ibfk_1` FOREIGN KEY (`idPerson_fk`) REFERENCES `users` (`id`) ON DELETE CASCADE ON UPDATE CASCADE;

--
-- Constraints for table `question`
--
ALTER TABLE `question`
  ADD CONSTRAINT `question_ibfk_1` FOREIGN KEY (`idExam_fk`) REFERENCES `exam` (`id`) ON DELETE CASCADE ON UPDATE CASCADE,
  ADD CONSTRAINT `question_ibfk_2` FOREIGN KEY (`idCourse_fk`) REFERENCES `courseExam` (`id`) ON DELETE CASCADE ON UPDATE CASCADE;

--
-- Constraints for table `searchs`
--
ALTER TABLE `searchs`
  ADD CONSTRAINT `searchs_ibfk_1` FOREIGN KEY (`idPerson_fk`) REFERENCES `users` (`id`) ON DELETE CASCADE ON UPDATE CASCADE;

--
-- Constraints for table `viwe`
--
ALTER TABLE `viwe`
  ADD CONSTRAINT `viwe_ibfk_1` FOREIGN KEY (`idPerson_fk`) REFERENCES `users` (`id`) ON DELETE CASCADE ON UPDATE CASCADE;
COMMIT;

/*!40101 SET CHARACTER_SET_CLIENT=@OLD_CHARACTER_SET_CLIENT */;
/*!40101 SET CHARACTER_SET_RESULTS=@OLD_CHARACTER_SET_RESULTS */;
/*!40101 SET COLLATION_CONNECTION=@OLD_COLLATION_CONNECTION */;
